nodes_version;location_convBoundary;location_netOffset;location_origBoundary;location_projParameter;node_id;node_type;node_x;node_y;node_tl
1.6;0.00,0.00,1135.02,1149.85;-385174.69,-6671039.23;24.914235,60.156132,24.966609,60.189319;+proj=utm +zone=35 +ellps=WGS84 +datum=WGS84 +units=m +no_defs;;;;;
1.6;;;;;1003627114;priority;943.37;611.25;
1.6;;;;;1004552381;priority;693.04;696.64;
1.6;;;;;1004552577;priority;697.05;695.79;
1.6;;;;;1005429216;priority;1053.05;361.74;
1.6;;;;;1005473142;priority;857.72;277.86;
1.6;;;;;1005473202;priority;848.92;280.29;
1.6;;;;;1005473289;priority;842.06;277.57;
1.6;;;;;1005473391;priority;863.19;72.98;
1.6;;;;;1005526387;priority;946.91;75.36;
1.6;;;;;1005526433;priority;733.44;434.40;
1.6;;;;;1005526490;right_before_left;737.59;428.07;
1.6;;;;;1007051486;priority;854.82;334.02;
1.6;;;;;1007051492;priority;647.29;193.66;
1.6;;;;;1007051629;priority;851.37;333.93;
1.6;;;;;1007824351;priority;112.34;311.25;
1.6;;;;;1007824554;priority;125.88;320.14;
1.6;;;;;1011088523;priority;634.23;127.00;
1.6;;;;;1011256640;priority;510.52;201.11;
1.6;;;;;1011256666;priority;591.23;78.14;
1.6;;;;;1011256677;priority;528.05;174.41;
1.6;;;;;1011415132;traffic_light;345.69;454.24;1011415132
1.6;;;;;1011463184;priority;672.86;548.50;
1.6;;;;;1012497956;priority;1041.99;851.71;
1.6;;;;;1012497968;traffic_light;1041.83;856.97;1012497968
1.6;;;;;1013224876;priority;78.95;289.33;
1.6;;;;;1125194694;priority;702.04;481.82;
1.6;;;;;1125194699;priority;671.57;529.47;
1.6;;;;;1137435462;priority;636.62;583.29;
1.6;;;;;1156114391;priority;824.25;824.22;
1.6;;;;;1156114393;priority;766.60;823.47;
1.6;;;;;1297403614;priority;54.35;563.66;
1.6;;;;;1297403622;priority;108.89;504.52;
1.6;;;;;1297403632;dead_end;79.67;548.94;
1.6;;;;;1297403637;priority;114.06;496.67;
1.6;;;;;1297407672;priority;127.54;475.79;
1.6;;;;;1297407675;priority;148.84;442.68;
1.6;;;;;1297407676;priority;138.60;458.59;
1.6;;;;;1297407679;priority;168.69;411.96;
1.6;;;;;1297410874;priority;248.80;289.20;
1.6;;;;;1297410876;priority;242.13;299.42;
1.6;;;;;1297410878;priority;225.53;324.84;
1.6;;;;;1297416468;priority;338.71;149.90;
1.6;;;;;1297416470;priority;319.99;178.68;
1.6;;;;;1297416471;priority;345.57;139.57;
1.6;;;;;1297416474;priority;276.75;245.56;
1.6;;;;;1297416476;priority;363.22;112.94;
1.6;;;;;1297416477;priority;332.77;158.87;
1.6;;;;;1297423818;dead_end;391.28;71.28;
1.6;;;;;1297423829;priority;377.31;92.46;
1.6;;;;;1297428261;priority;613.70;76.47;
1.6;;;;;1371748756;priority;50.20;900.53;
1.6;;;;;1371750094;right_before_left;103.89;820.41;
1.6;;;;;1371750095;right_before_left;299.40;812.77;
1.6;;;;;1371750097;priority;383.21;867.20;
1.6;;;;;1371750099;priority;238.90;906.97;
1.6;;;;;1371750101;priority;307.43;983.82;
1.6;;;;;1371751506;priority;79.80;812.32;
1.6;;;;;1371751508;traffic_light;89.09;814.04;1371751508
1.6;;;;;1372205478;priority;185.16;227.29;
1.6;;;;;1372247485;traffic_light;255.80;278.39;1372247485
1.6;;;;;1372260450;priority;293.21;51.29;
1.6;;;;;1372260455;right_before_left;298.01;54.50;
1.6;;;;;1372260491;right_before_left;371.21;101.34;
1.6;;;;;1372260494;priority;262.80;110.58;
1.6;;;;;1372260497;right_before_left;327.75;166.59;
1.6;;;;;1372287165;priority;274.20;131.36;
1.6;;;;;1372441189;right_before_left;93.84;679.53;
1.6;;;;;1372470119;right_before_left;618.23;806.83;
1.6;;;;;1372477605;priority;695.08;693.72;
1.6;;;;;1376344654;right_before_left;1053.18;354.82;
1.6;;;;;1377208998;priority;437.84;690.40;
1.6;;;;;1377209035;priority;487.99;722.99;
1.6;;;;;1377211666;priority;396.20;663.66;
1.6;;;;;1377211667;priority;166.59;728.29;
1.6;;;;;1377211668;right_before_left;339.89;749.79;
1.6;;;;;1377211669;traffic_light;528.96;749.48;1377211669
1.6;;;;;1377610493;traffic_light;122.26;484.03;1377610493
1.6;;;;;1377940906;dead_end;760.59;67.94;
1.6;;;;;1377940911;priority;852.61;140.44;
1.6;;;;;1377940920;right_before_left;683.08;222.08;
1.6;;;;;1377940926;right_before_left;655.98;265.46;
1.6;;;;;1377940927;right_before_left;788.58;349.50;
1.6;;;;;1378036892;priority;172.22;862.91;
1.6;;;;;1379421236;right_before_left;854.37;72.73;
1.6;;;;;1379421238;right_before_left;958.14;75.68;
1.6;;;;;1379421404;right_before_left;1054.29;302.10;
1.6;;;;;1380274059;priority;955.61;163.99;
1.6;;;;;1380274121;right_before_left;849.34;277.63;
1.6;;;;;1380274123;right_before_left;952.24;281.64;
1.6;;;;;1380291042;priority;636.46;133.92;
1.6;;;;;1380291085;right_before_left;846.58;333.85;
1.6;;;;;1380323407;right_before_left;951.44;304.23;
1.6;;;;;1380323468;right_before_left;845.02;384.90;
1.6;;;;;1380323657;right_before_left;843.59;430.85;
1.6;;;;;1380323658;right_before_left;946.22;433.70;
1.6;;;;;1380323660;right_before_left;946.62;489.33;
1.6;;;;;1380411602;traffic_light;711.98;589.32;1380411602
1.6;;;;;1380411607;right_before_left;838.02;609.97;
1.6;;;;;1380411608;right_before_left;837.54;637.11;
1.6;;;;;1380411630;right_before_left;942.38;640.76;
1.6;;;;;1380510464;right_before_left;1048.20;586.43;
1.6;;;;;1380961225;priority;755.29;823.31;
1.6;;;;;1380974098;priority;1039.50;967.38;
1.6;;;;;1380974104;priority;824.55;1056.85;
1.6;;;;;1380974106;priority;933.84;1055.84;
1.6;;;;;1380976626;traffic_light;554.34;900.99;1380976626
1.6;;;;;1405850868;traffic_light;352.43;468.27;1405850868
1.6;;;;;1405850873;priority;402.03;500.89;
1.6;;;;;1405866798;priority;795.08;609.16;
1.6;;;;;1413816272;priority;838.21;1054.30;
1.6;;;;;1413816275;priority;921.35;1055.38;
1.6;;;;;1416958253;priority;350.74;733.01;
1.6;;;;;1420446379;priority;557.46;203.30;
1.6;;;;;1426836913;priority;128.32;835.05;
1.6;;;;;1426836916;priority;170.38;861.70;
1.6;;;;;1426836919;priority;178.53;867.08;
1.6;;;;;1426836922;priority;199.43;880.87;
1.6;;;;;1456572631;priority;677.41;821.29;
1.6;;;;;1456572633;priority;685.12;821.91;
1.6;;;;;1456772990;priority;424.85;682.08;
1.6;;;;;1457909400;traffic_light;628.35;792.48;1457909400
1.6;;;;;1457909403;traffic_light;645.18;804.33;1457909403
1.6;;;;;1483296615;priority;1095.18;490.39;
1.6;;;;;149161959;dead_end;24.53;69.10;
1.6;;;;;150983569;priority;161.95;856.15;
1.6;;;;;1513666605;priority;957.43;105.26;
1.6;;;;;1513666643;priority;955.37;172.41;
1.6;;;;;1547012334;priority;59.46;693.27;
1.6;;;;;1577981244;priority;626.38;831.00;
1.6;;;;;1621482165;priority;878.53;758.72;
1.6;;;;;1651494815;priority;86.07;847.43;
1.6;;;;;1674252418;priority;987.16;302.04;
1.6;;;;;1677741874;priority;699.81;822.31;
1.6;;;;;1677741875;priority;718.47;822.65;
1.6;;;;;1677747117;priority;743.55;823.18;
1.6;;;;;1683121375;priority;1048.92;557.94;
1.6;;;;;189426849;priority;954.28;1056.15;
1.6;;;;;189508866;traffic_light;718.51;576.58;189508866
1.6;;;;;1936085683;traffic_light;813.09;1137.49;1936085683
1.6;;;;;1973747714;priority;77.48;668.50;
1.6;;;;;1984341838;priority;639.49;777.12;
1.6;;;;;1984341841;priority;630.96;789.14;
1.6;;;;;1984341845;priority;597.22;836.65;
1.6;;;;;1984341848;priority;579.78;861.95;
1.6;;;;;1984341849;priority;572.47;872.55;
1.6;;;;;2036340756;priority;154.19;968.56;
1.6;;;;;2036340761;priority;164.42;975.38;
1.6;;;;;2036515884;priority;381.82;360.35;
1.6;;;;;2036515885;priority;386.09;363.13;
1.6;;;;;2036515886;priority;446.36;402.66;
1.6;;;;;2036515887;priority;475.47;421.96;
1.6;;;;;2036515888;priority;494.86;434.72;
1.6;;;;;2036515890;priority;516.02;448.65;
1.6;;;;;2036543084;priority;538.55;463.46;
1.6;;;;;2036543086;priority;566.69;481.71;
1.6;;;;;2036543088;priority;592.56;498.51;
1.6;;;;;2036543090;priority;597.64;501.81;
1.6;;;;;2036543092;priority;617.91;514.96;
1.6;;;;;2036543095;priority;632.50;524.44;
1.6;;;;;2036543097;priority;650.13;535.88;
1.6;;;;;2036582381;priority;898.51;759.11;
1.6;;;;;2036622212;priority;963.96;759.90;
1.6;;;;;2053606912;priority;1072.92;830.13;
1.6;;;;;206102178;priority;950.65;1099.29;
1.6;;;;;2069172149;priority;825.60;309.96;
1.6;;;;;2069172152;priority;835.74;316.15;
1.6;;;;;2069175021;priority;838.71;268.25;
1.6;;;;;2075922541;priority;942.80;628.16;
1.6;;;;;2112507858;priority;1038.12;1044.61;
1.6;;;;;2195109748;priority;431.61;520.30;
1.6;;;;;2195109761;priority;536.71;589.10;
1.6;;;;;2195109765;priority;553.18;599.89;
1.6;;;;;2218810056;priority;601.90;797.10;
1.6;;;;;2260404103;priority;238.44;934.73;
1.6;;;;;2260404114;priority;234.10;940.89;
1.6;;;;;2260404116;priority;249.66;943.45;
1.6;;;;;2264808902;priority;542.52;918.07;
1.6;;;;;2264808904;priority;539.29;922.89;
1.6;;;;;2264808905;priority;514.30;957.29;
1.6;;;;;2264808906;priority;497.36;981.85;
1.6;;;;;2269494568;right_before_left;576.35;615.00;
1.6;;;;;2282947011;priority;1003.93;585.07;
1.6;;;;;2306168572;priority;1045.32;699.64;
1.6;;;;;2395669737;priority;251.30;285.37;
1.6;;;;;2403530744;priority;1038.01;1010.94;
1.6;;;;;2403881125;priority;920.16;639.98;
1.6;;;;;2403892462;priority;765.21;608.59;
1.6;;;;;2403899237;priority;711.02;630.26;
1.6;;;;;2419328853;priority;130.71;781.87;
1.6;;;;;2423061066;priority;642.58;574.11;
1.6;;;;;2423066851;priority;598.47;643.29;
1.6;;;;;2423068780;priority;555.01;709.08;
1.6;;;;;2423080152;priority;432.04;686.68;
1.6;;;;;2423080166;priority;483.09;719.81;
1.6;;;;;2423094586;priority;299.72;600.59;
1.6;;;;;2423097276;priority;256.15;572.93;
1.6;;;;;2423790647;priority;259.23;585.64;
1.6;;;;;2423790648;priority;255.96;590.63;
1.6;;;;;2423790649;priority;226.73;634.93;
1.6;;;;;2424030495;priority;214.05;654.54;
1.6;;;;;2424032769;priority;220.04;645.49;
1.6;;;;;2424039027;priority;179.61;708.16;
1.6;;;;;243970410;right_before_left;1050.63;489.74;
1.6;;;;;246630384;right_before_left;712.45;707.35;
1.6;;;;;246630386;priority;685.02;712.19;
1.6;;;;;246789761;priority;487.15;177.01;
1.6;;;;;246789763;priority;509.45;191.63;
1.6;;;;;247359926;dead_end;604.05;58.44;
1.6;;;;;2485284348;traffic_light;231.90;917.94;2485284348
1.6;;;;;250658253;right_before_left;642.41;176.33;
1.6;;;;;2524250200;priority;728.82;652.66;
1.6;;;;;25291537;right_before_left;340.87;460.90;
1.6;;;;;25291550;priority;529.88;457.62;
1.6;;;;;25291564;priority;604.52;633.48;
1.6;;;;;25291565;traffic_light;472.44;546.98;25291565
1.6;;;;;25291567;priority;663.10;542.45;
1.6;;;;;25291568;right_before_left;735.09;431.90;
1.6;;;;;25291570;priority;471.15;260.59;
1.6;;;;;25291571;traffic_light;399.08;371.62;25291571
1.6;;;;;25291572;priority;731.61;592.67;
1.6;;;;;25291581;priority;728.37;665.61;
1.6;;;;;25291591;priority;264.59;577.58;
1.6;;;;;25292451;priority;835.46;756.30;
1.6;;;;;25292473;right_before_left;197.81;367.34;
1.6;;;;;25292476;right_before_left;514.58;194.94;
1.6;;;;;25292477;right_before_left;560.51;124.95;
1.6;;;;;25292480;right_before_left;523.30;181.66;
1.6;;;;;25292484;right_before_left;817.29;304.87;
1.6;;;;;25292485;right_before_left;846.91;322.86;
1.6;;;;;25345637;priority;654.21;756.38;
1.6;;;;;25345643;priority;432.47;1072.12;
1.6;;;;;25345665;priority;1042.78;829.41;
1.6;;;;;25345666;priority;832.52;824.42;
1.6;;;;;25345669;priority;1043.68;760.86;
1.6;;;;;25413709;dead_end;517.73;1117.91;
1.6;;;;;256257149;traffic_light;505.24;970.39;256257149
1.6;;;;;256257151;traffic_light;522.47;983.05;256257151
1.6;;;;;2631803349;priority;1045.25;702.33;
1.6;;;;;264015226;traffic_light;1042.37;839.06;264015226
1.6;;;;;2651685823;priority;835.83;734.68;
1.6;;;;;265729542;priority;497.05;1015.35;
1.6;;;;;266378250;traffic_light;689.72;709.12;266378250
1.6;;;;;2665389903;priority;941.73;664.77;
1.6;;;;;2665390692;priority;943.78;598.71;
1.6;;;;;276385368;traffic_light;815.74;1134.20;276385368
1.6;;;;;277398825;priority;709.35;470.40;
1.6;;;;;277401793;priority;1041.79;858.41;
1.6;;;;;288369504;traffic_light;497.80;1106.58;288369504
1.6;;;;;288369506;dead_end;457.00;1095.09;
1.6;;;;;288369507;traffic_light;465.07;1083.22;288369507
1.6;;;;;288554482;priority;566.64;917.47;
1.6;;;;;288554684;priority;564.50;920.35;
1.6;;;;;288883180;priority;1040.11;950.11;
1.6;;;;;289550267;priority;769.27;337.33;
1.6;;;;;289550268;priority;797.63;292.11;
1.6;;;;;292725351;traffic_light;611.00;803.00;292725351
1.6;;;;;292725458;traffic_light;608.99;801.67;292725458
1.6;;;;;292727217;traffic_light;687.09;687.38;292727217
1.6;;;;;292727220;traffic_light;700.09;685.77;292727220
1.6;;;;;292727226;traffic_light;718.49;697.43;292727226
1.6;;;;;292727232;traffic_light;729.60;690.47;292727232
1.6;;;;;292727238;right_before_left;728.97;712.36;
1.6;;;;;292727242;traffic_light;732.13;714.31;292727242
1.6;;;;;292727251;traffic_light;723.81;709.64;292727251
1.6;;;;;292728916;traffic_light;1043.42;768.43;292728916
1.6;;;;;292858655;priority;124.15;309.41;
1.6;;;;;292858656;traffic_light;202.04;360.80;292858656
1.6;;;;;292858658;traffic_light;476.52;540.74;292858658
1.6;;;;;292858659;priority;608.66;626.72;
1.6;;;;;292859321;traffic_light;193.72;373.81;292859321
1.6;;;;;292859323;traffic_light;336.04;467.60;292859323
1.6;;;;;292859324;traffic_light;467.90;553.92;292859324
1.6;;;;;292859342;priority;600.01;640.79;
1.6;;;;;295055259;priority;339.70;934.37;
1.6;;;;;295055265;priority;379.38;864.06;
1.6;;;;;295055275;priority;386.72;863.14;
1.6;;;;;295055291;priority;469.07;833.05;
1.6;;;;;295055293;priority;469.91;842.03;
1.6;;;;;295056672;traffic_light;313.48;974.95;295056672
1.6;;;;;295056712;traffic_light;299.99;978.57;295056712
1.6;;;;;295058834;priority;379.62;872.57;
1.6;;;;;295058921;priority;476.87;831.65;
1.6;;;;;295711606;traffic_light;416.96;1090.43;295711606
1.6;;;;;295711611;traffic_light;436.19;1102.95;295711611
1.6;;;;;296047183;priority;134.21;776.82;
1.6;;;;;296248024;traffic_light;1042.96;822.38;296248024
1.6;;;;;296248490;traffic_light;1043.96;753.10;296248490
1.6;;;;;296250223;traffic_light;833.14;767.00;296250223
1.6;;;;;296250563;priority;832.06;818.05;
1.6;;;;;296250574;traffic_light;613.26;813.26;296250574
1.6;;;;;296250576;traffic_light;630.87;824.77;296250576
1.6;;;;;296250613;priority;838.95;824.54;
1.6;;;;;296250734;priority;534.14;752.86;
1.6;;;;;296250736;priority;525.55;754.94;
1.6;;;;;296250741;priority;523.91;746.18;
1.6;;;;;296250755;priority;532.27;744.19;
1.6;;;;;296250765;priority;612.94;638.82;
1.6;;;;;297679982;traffic_light;562.82;886.43;297679982
1.6;;;;;297679985;traffic_light;580.04;899.19;297679985
1.6;;;;;297679988;traffic_light;583.54;894.35;297679988
1.6;;;;;297679990;traffic_light;608.85;819.80;297679990
1.6;;;;;297679991;traffic_light;648.09;800.53;297679991
1.6;;;;;298109749;traffic_light;126.32;477.66;298109749
1.6;;;;;298137943;priority;232.90;902.97;
1.6;;;;;298137948;priority;293.29;809.27;
1.6;;;;;298273573;traffic_light;691.21;822.31;298273573
1.6;;;;;298273890;traffic_light;826.45;755.05;298273890
1.6;;;;;298274871;traffic_light;732.32;566.81;298274871
1.6;;;;;298274896;traffic_light;737.43;608.06;298274896
1.6;;;;;298275343;traffic_light;939.35;751.67;298275343
1.6;;;;;298275983;priority;306.23;817.13;
1.6;;;;;298275993;priority;303.01;806.99;
1.6;;;;;298277836;priority;1038.00;1052.20;
1.6;;;;;298278778;priority;295.35;818.80;
1.6;;;;;298368069;traffic_light;70.62;574.33;298368069
1.6;;;;;298368073;traffic_light;60.26;567.57;298368073
1.6;;;;;298372061;priority;146.39;624.30;
1.6;;;;;298372071;priority;102.53;685.25;
1.6;;;;;298372076;traffic_light;204.15;670.65;298372076
1.6;;;;;298372080;traffic_light;172.03;732.08;298372080
1.6;;;;;298372985;traffic_light;202.83;661.48;298372985
1.6;;;;;298372989;traffic_light;210.97;659.34;298372989
1.6;;;;;298372991;traffic_light;212.86;667.94;298372991
1.6;;;;;298372997;priority;342.69;745.19;
1.6;;;;;298372999;priority;345.84;753.63;
1.6;;;;;298373001;priority;335.91;756.23;
1.6;;;;;298373727;traffic_light;161.85;724.99;298373727
1.6;;;;;298373729;traffic_light;170.20;722.55;298373729
1.6;;;;;298373896;traffic_light;162.21;735.23;298373896
1.6;;;;;298373925;traffic_light;97.83;817.12;298373925
1.6;;;;;299968465;traffic_light;391.22;660.38;299968465
1.6;;;;;299968469;traffic_light;399.76;658.13;299968469
1.6;;;;;299968471;traffic_light;402.17;667.57;299968471
1.6;;;;;299968940;traffic_light;260.61;583.53;299968940
1.6;;;;;299968946;traffic_light;392.60;669.24;299968946
1.6;;;;;299979844;priority;888.62;335.26;
1.6;;;;;299979846;priority;914.37;336.21;
1.6;;;;;299979864;priority;855.92;277.78;
1.6;;;;;299979865;priority;946.10;281.46;
1.6;;;;;299979866;priority;944.16;337.31;
1.6;;;;;299979867;priority;853.27;333.95;
1.6;;;;;299980095;priority;824.05;308.94;
1.6;;;;;299980096;priority;794.24;353.13;
1.6;;;;;299980108;priority;792.59;343.33;
1.6;;;;;299980112;priority;659.47;260.00;
1.6;;;;;299982760;priority;1051.22;459.52;
1.6;;;;;299983608;priority;1048.58;571.35;
1.6;;;;;299983618;priority;1048.41;577.93;
1.6;;;;;299983619;priority;1050.42;498.89;
1.6;;;;;299983622;priority;1050.28;504.70;
1.6;;;;;300020623;traffic_light;118.50;489.92;300020623
1.6;;;;;300020877;traffic_light;268.30;571.95;300020877
1.6;;;;;301360155;priority;88.86;683.66;
1.6;;;;;301360158;priority;83.50;672.57;
1.6;;;;;301360871;priority;164.76;851.90;
1.6;;;;;301360876;traffic_light;108.03;814.52;301360876
1.6;;;;;301360877;traffic_light;110.19;823.69;301360877
1.6;;;;;301360890;priority;175.92;834.67;
1.6;;;;;301361388;priority;187.86;982.91;
1.6;;;;;301362087;traffic_light;98.35;828.35;301362087
1.6;;;;;3062542188;priority;650.96;273.30;
1.6;;;;;309705063;priority;374.97;96.01;
1.6;;;;;310042886;priority;334.81;746.52;
1.6;;;;;310063816;priority;295.24;59.17;
1.6;;;;;310063818;priority;365.98;108.78;
1.6;;;;;310063909;priority;366.31;98.00;
1.6;;;;;310089283;priority;476.01;253.26;
1.6;;;;;310089287;priority;331.08;161.40;
1.6;;;;;310089298;priority;324.35;171.90;
1.6;;;;;310090478;priority;376.63;105.04;
1.6;;;;;310147648;priority;553.94;120.62;
1.6;;;;;310147814;priority;565.36;128.02;
1.6;;;;;310148418;priority;528.16;184.78;
1.6;;;;;310148511;priority;518.57;188.86;
1.6;;;;;310148890;traffic_light;524.71;454.36;310148890
1.6;;;;;310148892;priority;647.28;260.25;
1.6;;;;;310148894;traffic_light;535.18;461.26;310148894
1.6;;;;;310148897;priority;661.10;268.53;
1.6;;;;;310149274;priority;652.24;271.32;
1.6;;;;;310150364;traffic_light;467.40;543.69;310150364
1.6;;;;;310151301;traffic_light;480.99;552.59;310151301
1.6;;;;;310973840;priority;557.36;129.66;
1.6;;;;;310973847;priority;564.20;119.35;
1.6;;;;;310984424;priority;679.64;227.60;
1.6;;;;;310984613;priority;690.37;223.79;
1.6;;;;;310985433;priority;784.51;355.62;
1.6;;;;;310985600;priority;814.11;309.62;
1.6;;;;;310985601;priority;782.54;345.68;
1.6;;;;;310987501;priority;845.48;371.65;
1.6;;;;;310987504;priority;838.78;381.21;
1.6;;;;;310987676;priority;846.85;326.68;
1.6;;;;;310987688;priority;846.32;340.85;
1.6;;;;;310987705;priority;848.35;284.69;
1.6;;;;;310987707;priority;849.65;269.73;
1.6;;;;;310987710;priority;810.43;300.43;
1.6;;;;;310988084;priority;950.05;343.90;
1.6;;;;;310988087;priority;955.41;489.47;
1.6;;;;;310988217;priority;938.33;433.49;
1.6;;;;;310988598;priority;946.54;498.36;
1.6;;;;;310988743;priority;1050.77;483.40;
1.6;;;;;310988754;priority;998.92;490.17;
1.6;;;;;310989237;priority;1058.70;489.50;
1.6;;;;;310989240;priority;1055.09;586.64;
1.6;;;;;310989242;priority;1047.98;595.10;
1.6;;;;;310989244;priority;944.02;591.73;
1.6;;;;;310989246;priority;936.33;640.54;
1.6;;;;;310989247;priority;952.67;583.51;
1.6;;;;;311014126;priority;1041.19;490.04;
1.6;;;;;311046294;priority;854.52;66.24;
1.6;;;;;311046733;priority;957.49;304.44;
1.6;;;;;311047595;right_before_left;1024.45;302.42;
1.6;;;;;311049856;priority;952.35;75.52;
1.6;;;;;311086397;priority;667.51;535.82;
1.6;;;;;311086399;priority;656.60;540.08;
1.6;;;;;311086402;priority;596.72;628.39;
1.6;;;;;311086606;priority;657.43;550.86;
1.6;;;;;311091794;priority;743.66;418.97;
1.6;;;;;311111203;priority;1059.78;354.84;
1.6;;;;;311111730;priority;990.79;584.68;
1.6;;;;;311112501;traffic_light;835.58;748.97;311112501
1.6;;;;;311113184;priority;837.38;646.00;
1.6;;;;;311113245;traffic_light;846.48;758.09;311113245
1.6;;;;;311113742;priority;844.12;637.33;
1.6;;;;;311114949;traffic_light;694.13;822.32;311114949
1.6;;;;;311746601;traffic_light;269.97;581.15;311746601
1.6;;;;;311746602;traffic_light;259.14;574.91;311746602
1.6;;;;;311747899;priority;244.06;899.54;
1.6;;;;;311747902;priority;229.61;921.51;
1.6;;;;;313554167;traffic_light;460.04;1067.24;313554167
1.6;;;;;313554171;traffic_light;444.35;1055.84;313554171
1.6;;;;;313959167;priority;455.34;1075.74;
1.6;;;;;313959318;priority;446.45;1088.02;
1.6;;;;;313959319;priority;430.63;1074.53;
1.6;;;;;313959321;traffic_light;424.13;1070.50;313959321
1.6;;;;;313959324;traffic_light;419.65;1067.62;313959324
1.6;;;;;313959326;traffic_light;376.94;1039.54;313959326
1.6;;;;;313959329;priority;435.81;1067.58;
1.6;;;;;313959336;traffic_light;430.38;1064.29;313959336
1.6;;;;;313959341;traffic_light;424.70;1060.37;313959341
1.6;;;;;313959344;traffic_light;382.61;1031.87;313959344
1.6;;;;;313959355;priority;452.26;1080.16;
1.6;;;;;313962116;priority;367.93;1032.66;
1.6;;;;;313962118;priority;373.23;1025.34;
1.6;;;;;313962119;traffic_light;317.38;986.00;313962119
1.6;;;;;313962120;traffic_light;311.69;994.21;313962120
1.6;;;;;313962121;traffic_light;296.19;984.28;313962121
1.6;;;;;313962123;priority;264.07;961.60;
1.6;;;;;313962155;priority;250.88;944.38;
1.6;;;;;313963185;priority;224.60;930.62;
1.6;;;;;313972555;priority;58.84;907.37;
1.6;;;;;313972714;priority;567.78;915.89;
1.6;;;;;313972722;priority;570.56;912.03;
1.6;;;;;313975229;priority;695.32;693.34;
1.6;;;;;313975233;priority;695.20;706.95;
1.6;;;;;313977352;priority;724.44;580.97;
1.6;;;;;313977358;priority;669.22;546.27;
1.6;;;;;313977367;priority;612.90;619.82;
1.6;;;;;313978114;priority;739.72;428.07;
1.6;;;;;313981023;priority;861.18;72.92;
1.6;;;;;313981046;priority;733.67;515.58;
1.6;;;;;313981053;priority;723.33;449.64;
1.6;;;;;313981056;priority;748.19;428.25;
1.6;;;;;313981057;priority;734.62;453.31;
1.6;;;;;313981058;priority;733.74;502.55;
1.6;;;;;313984198;traffic_light;350.27;466.90;313984198
1.6;;;;;313984203;traffic_light;332.72;455.66;313984203
1.6;;;;;313984206;traffic_light;205.74;372.52;313984206
1.6;;;;;313984211;traffic_light;127.53;487.45;313984211
1.6;;;;;313984212;traffic_light;116.96;480.60;313984212
1.6;;;;;313984215;traffic_light;189.45;361.69;313984215
1.6;;;;;313989156;priority;349.05;466.13;
1.6;;;;;314736760;traffic_light;1050.81;760.70;314736760
1.6;;;;;314736761;traffic_light;1035.76;761.04;314736761
1.6;;;;;314736764;priority;1039.46;586.16;
1.6;;;;;314736832;traffic_light;1035.63;829.19;314736832
1.6;;;;;314736834;traffic_light;1049.95;829.62;314736834
1.6;;;;;314933748;right_before_left;835.01;277.53;
1.6;;;;;314933749;right_before_left;849.30;251.17;
1.6;;;;;314934598;priority;951.96;290.34;
1.6;;;;;314934602;priority;952.49;271.31;
1.6;;;;;314934616;priority;847.60;305.36;
1.6;;;;;314934620;priority;840.31;318.99;
1.6;;;;;314934627;priority;821.30;298.88;
1.6;;;;;314934629;priority;844.86;389.77;
1.6;;;;;314934972;priority;850.09;431.04;
1.6;;;;;314934974;priority;843.41;437.73;
1.6;;;;;314934976;priority;837.33;430.68;
1.6;;;;;314934977;priority;843.75;424.66;
1.6;;;;;314935170;priority;947.80;426.60;
1.6;;;;;314935173;priority;945.52;479.28;
1.6;;;;;314935863;priority;831.82;609.86;
1.6;;;;;314935865;priority;838.13;603.53;
1.6;;;;;314935868;priority;942.56;635.37;
1.6;;;;;314935869;priority;942.22;646.87;
1.6;;;;;314935874;traffic_light;712.01;592.50;314935874
1.6;;;;;314935875;traffic_light;732.35;563.80;314935875
1.6;;;;;314935876;priority;703.17;568.50;
1.6;;;;;314935878;traffic_light;731.55;594.42;314935878
1.6;;;;;314936315;traffic_light;729.38;700.90;314936315
1.6;;;;;314936316;priority;742.19;721.27;
1.6;;;;;314936319;priority;681.17;753.46;
1.6;;;;;314938336;priority;957.98;85.16;
1.6;;;;;314938340;priority;854.13;80.72;
1.6;;;;;315151670;priority;833.07;1054.35;
1.6;;;;;315151678;priority;948.82;1061.92;
1.6;;;;;315285583;right_before_left;227.18;926.42;
1.6;;;;;315370681;priority;711.84;584.30;
1.6;;;;;315384664;priority;670.52;547.08;
1.6;;;;;315385113;traffic_light;526.81;462.63;315385113
1.6;;;;;315385114;traffic_light;533.03;452.48;315385114
1.6;;;;;315385115;traffic_light;404.57;375.17;315385115
1.6;;;;;315385117;priority;465.04;256.50;
1.6;;;;;315385118;traffic_light;392.15;367.15;315385118
1.6;;;;;315385121;traffic_light;403.59;365.00;315385121
1.6;;;;;315385124;traffic_light;394.46;378.40;315385124
1.6;;;;;315385837;priority;466.83;267.08;
1.6;;;;;315385840;traffic_light;260.96;281.62;315385840
1.6;;;;;315385843;priority;333.22;170.36;
1.6;;;;;315385849;priority;323.06;163.36;
1.6;;;;;315385855;traffic_light;250.92;275.33;315385855
1.6;;;;;315385861;traffic_light;259.33;273.05;315385861
1.6;;;;;315385864;traffic_light;253.02;282.75;315385864
1.6;;;;;316415097;traffic_light;528.32;973.99;316415097
1.6;;;;;316415098;traffic_light;501.87;975.42;316415098
1.6;;;;;316415101;priority;512.89;994.89;
1.6;;;;;317115904;priority;632.76;172.13;
1.6;;;;;317118296;priority;1054.39;296.33;
1.6;;;;;317119722;priority;958.20;71.51;
1.6;;;;;317119759;priority;940.12;281.34;
1.6;;;;;317119770;priority;854.08;81.66;
1.6;;;;;317703606;traffic_light;721.84;689.71;317703606
1.6;;;;;317703607;priority;700.06;706.34;
1.6;;;;;317703608;traffic_light;690.66;700.14;317703608
1.6;;;;;317703609;traffic_light;680.34;682.58;317703609
1.6;;;;;317703799;priority;791.86;752.88;
1.6;;;;;317703801;traffic_light;657.42;817.85;317703801
1.6;;;;;317703802;traffic_light;646.90;815.71;317703802
1.6;;;;;317703803;right_before_left;638.48;813.81;
1.6;;;;;317703805;priority;635.02;812.55;
1.6;;;;;317704050;traffic_light;465.63;1059.49;317704050
1.6;;;;;317704051;traffic_light;412.20;1097.85;317704051
1.6;;;;;317704052;traffic_light;421.25;1057.94;317704052
1.6;;;;;317914541;priority;950.35;331.18;
1.6;;;;;319525590;priority;556.04;898.08;
1.6;;;;;319528423;priority;570.79;777.05;
1.6;;;;;319604907;priority;303.93;989.43;
1.6;;;;;319604908;traffic_light;315.00;972.61;319604908
1.6;;;;;319604909;traffic_light;298.44;977.57;319604909
1.6;;;;;319604910;traffic_light;316.73;997.64;319604910
1.6;;;;;319784143;priority;664.46;743.04;
1.6;;;;;319827847;priority;163.97;419.14;
1.6;;;;;319938387;priority;94.56;465.69;
1.6;;;;;320269798;priority;641.50;164.87;
1.6;;;;;3214889157;priority;172.97;718.30;
1.6;;;;;3214889168;priority;111.30;809.80;
1.6;;;;;3214939948;traffic_light;56.95;565.38;3214939948
1.6;;;;;3214939950;traffic_light;73.84;576.46;3214939950
1.6;;;;;3215607279;priority;120.02;797.25;
1.6;;;;;3216400377;traffic_light;112.67;807.83;3216400377
1.6;;;;;3216400385;priority;184.63;825.41;
1.6;;;;;3216400387;traffic_light;117.26;828.12;3216400387
1.6;;;;;3216400389;priority;180.71;827.13;
1.6;;;;;3216453376;traffic_light;215.31;652.63;3216453376
1.6;;;;;3216453378;traffic_light;199.86;659.52;3216453378
1.6;;;;;3216453384;traffic_light;215.21;669.45;3216453384
1.6;;;;;3216453387;traffic_light;174.68;715.71;3216453387
1.6;;;;;3216453388;traffic_light;159.66;723.52;3216453388
1.6;;;;;3216453389;traffic_light;175.22;734.12;3216453389
1.6;;;;;3216453400;priority;339.63;838.80;
1.6;;;;;3216453401;priority;342.64;841.57;
1.6;;;;;3216453404;priority;376.27;862.46;
1.6;;;;;3226317513;traffic_light;187.41;360.35;3226317513
1.6;;;;;3226317514;traffic_light;208.39;374.24;3226317514
1.6;;;;;3226317518;traffic_light;189.23;380.64;3226317518
1.6;;;;;3226317521;priority;183.57;389.28;
1.6;;;;;3227096463;traffic_light;247.22;950.22;3227096463
1.6;;;;;3227176325;priority;239.92;685.38;
1.6;;;;;3227200764;priority;227.97;633.05;
1.6;;;;;3227213246;priority;277.62;557.58;
1.6;;;;;3227213248;traffic_light;272.81;565.00;3227213248
1.6;;;;;3227213249;priority;271.58;566.90;
1.6;;;;;3227213250;priority;270.37;568.75;
1.6;;;;;3227213252;traffic_light;272.39;582.73;3227213252
1.6;;;;;3227951599;priority;580.52;783.32;
1.6;;;;;3228706311;priority;508.18;782.33;
1.6;;;;;3228733109;traffic_light;402.19;654.42;3228733109
1.6;;;;;3228733111;traffic_light;404.43;669.02;3228733111
1.6;;;;;3228733112;traffic_light;391.50;671.00;3228733112
1.6;;;;;3228745570;traffic_light;347.91;450.71;3228745570
1.6;;;;;3228745571;traffic_light;329.94;453.80;3228745571
1.6;;;;;3232013769;traffic_light;535.76;448.37;3232013769
1.6;;;;;3232013770;traffic_light;520.07;451.31;3232013770
1.6;;;;;3232013778;traffic_light;524.13;466.79;3232013778
1.6;;;;;3232054224;priority;544.05;435.90;
1.6;;;;;3232054225;priority;520.10;473.05;
1.6;;;;;3232054227;traffic_light;669.07;533.37;3232054227
1.6;;;;;3232054228;traffic_light;654.76;538.89;3232054228
1.6;;;;;3232054230;traffic_light;677.23;551.15;3232054230
1.6;;;;;3236096605;traffic_light;364.09;1018.85;3236096605
1.6;;;;;3236096617;traffic_light;383.58;1043.92;3236096617
1.6;;;;;324707765;priority;1031.62;1057.89;
1.6;;;;;324707768;priority;1046.84;1058.15;
1.6;;;;;324707775;priority;1037.94;1064.62;
1.6;;;;;3285645681;dead_end;430.52;1111.22;
1.6;;;;;3309319808;priority;465.76;848.29;
1.6;;;;;3309319809;priority;378.72;873.96;
1.6;;;;;3309319810;priority;367.39;891.50;
1.6;;;;;3309319811;priority;344.62;926.76;
1.6;;;;;3309319812;priority;338.04;936.94;
1.6;;;;;3309319813;priority;322.63;960.79;
1.6;;;;;3327637248;priority;404.66;363.41;
1.6;;;;;337786153;priority;150.16;335.98;
1.6;;;;;337786164;priority;177.96;354.17;
1.6;;;;;337796551;traffic_light;931.53;759.68;337796551
1.6;;;;;3395207233;priority;133.35;491.33;
1.6;;;;;3395207234;priority;148.94;501.31;
1.6;;;;;3395207235;priority;159.79;508.89;
1.6;;;;;3395239425;priority;175.99;519.65;
1.6;;;;;3395239426;priority;276.20;585.22;
1.6;;;;;3395239427;priority;407.14;646.86;
1.6;;;;;3395239428;priority;387.55;657.99;
1.6;;;;;3395239429;priority;408.42;671.57;
1.6;;;;;3395239431;priority;441.44;692.74;
1.6;;;;;3401767817;priority;37.66;262.51;
1.6;;;;;3401767818;priority;74.66;286.51;
1.6;;;;;3401767819;priority;81.34;290.89;
1.6;;;;;3401767820;priority;107.97;308.37;
1.6;;;;;3401767822;priority;127.65;321.30;
1.6;;;;;3401767823;priority;148.61;334.95;
1.6;;;;;3401767824;priority;220.95;382.34;
1.6;;;;;3401767825;priority;240.40;395.11;
1.6;;;;;3401767826;priority;263.99;410.56;
1.6;;;;;3401767827;priority;278.23;419.93;
1.6;;;;;3401767828;priority;302.58;435.96;
1.6;;;;;3401767829;priority;320.20;447.47;
1.6;;;;;3443055768;traffic_light;939.49;746.49;3443055768
1.6;;;;;347301723;traffic_light;946.53;759.62;347301723
1.6;;;;;347301724;traffic_light;927.71;759.70;347301724
1.6;;;;;347301805;priority;484.15;720.50;
1.6;;;;;348212621;priority;839.86;522.48;
1.6;;;;;348216424;priority;836.41;702.21;
1.6;;;;;348216425;priority;836.02;724.45;
1.6;;;;;348216801;traffic_light;1040.06;871.36;348216801
1.6;;;;;348216871;priority;1037.65;1026.74;
1.6;;;;;3495146104;priority;641.08;161.11;
1.6;;;;;3495664793;priority;580.20;137.75;
1.6;;;;;3495664796;priority;593.20;146.27;
1.6;;;;;3495664797;priority;597.44;149.05;
1.6;;;;;3496826441;priority;425.22;35.34;
1.6;;;;;3496844989;priority;525.04;101.51;
1.6;;;;;3496855983;priority;571.60;132.11;
1.6;;;;;3496855984;priority;628.18;169.14;
1.6;;;;;3496857095;priority;551.67;119.17;
1.6;;;;;3515249601;priority;636.70;295.16;
1.6;;;;;3515249602;priority;627.04;309.97;
1.6;;;;;3515249603;priority;617.58;324.47;
1.6;;;;;3515249604;priority;590.12;366.60;
1.6;;;;;3515249605;priority;587.41;370.66;
1.6;;;;;3515249606;priority;561.35;409.88;
1.6;;;;;3515249607;priority;550.07;426.84;
1.6;;;;;3528421050;priority;850.44;218.88;
1.6;;;;;376008078;priority;1081.83;1058.65;
1.6;;;;;3812556755;priority;565.17;117.84;
1.6;;;;;3812557357;priority;556.43;131.17;
1.6;;;;;3812557361;priority;509.63;202.48;
1.6;;;;;3812557458;priority;465.61;268.92;
1.6;;;;;389498055;priority;220.25;937.29;
1.6;;;;;3901289276;priority;810.74;314.85;
1.6;;;;;401354505;priority;575.02;906.02;
1.6;;;;;426911740;priority;606.76;341.08;
1.6;;;;;426911741;priority;598.91;353.37;
1.6;;;;;426911762;priority;786.17;347.96;
1.6;;;;;426911763;priority;790.82;350.95;
1.6;;;;;426911764;priority;838.24;597.05;
1.6;;;;;426911765;traffic_light;1042.27;842.33;426911765
1.6;;;;;426911766;traffic_light;1042.91;818.23;426911766
1.6;;;;;426911767;traffic_light;1053.48;829.72;426911767
1.6;;;;;426926471;priority;1037.76;1019.15;
1.6;;;;;432509366;priority;645.19;815.35;
1.6;;;;;434108724;priority;749.15;121.11;
1.6;;;;;434149261;priority;706.82;706.72;
1.6;;;;;434463655;priority;602.25;152.20;
1.6;;;;;434463660;priority;677.36;218.41;
1.6;;;;;434551472;priority;140.69;620.55;
1.6;;;;;436223305;priority;451.55;290.71;
1.6;;;;;438659047;priority;789.30;286.60;
1.6;;;;;4435014128;right_before_left;948.86;1055.99;
1.6;;;;;4435014131;priority;1039.68;958.80;
1.6;;;;;4435014132;priority;1038.12;1057.98;
1.6;;;;;4436834983;traffic_light;544.97;914.89;4436834983
1.6;;;;;4436834988;traffic_light;560.76;925.37;4436834988
1.6;;;;;449159651;priority;1054.43;307.79;
1.6;;;;;449182529;priority;607.40;857.61;
1.6;;;;;4524911342;priority;122.31;608.43;
1.6;;;;;4524927399;priority;99.96;683.57;
1.6;;;;;4887814585;priority;477.81;250.54;
1.6;;;;;4953762102;priority;230.46;261.26;
1.6;;;;;5047535973;priority;402.34;790.04;
1.6;;;;;507055673;priority;852.49;146.93;
1.6;;;;;526769257;priority;932.13;74.94;
1.6;;;;;5270806666;priority;638.14;116.27;
1.6;;;;;528475727;priority;763.76;333.76;
1.6;;;;;528475729;priority;818.02;368.20;
1.6;;;;;528475730;priority;811.90;364.40;
1.6;;;;;537519882;priority;362.88;475.18;
1.6;;;;;537519888;priority;383.81;488.88;
1.6;;;;;537519892;priority;413.13;508.21;
1.6;;;;;537519894;priority;446.75;530.20;
1.6;;;;;537519895;priority;463.17;540.92;
1.6;;;;;537519897;priority;619.29;642.99;
1.6;;;;;537519900;priority;634.14;652.62;
1.6;;;;;537519904;priority;675.16;679.22;
1.6;;;;;56439093;priority;937.75;826.51;
1.6;;;;;572766855;dead_end;376.64;1149.85;
1.6;;;;;5826752387;priority;218.67;761.77;
1.6;;;;;58753656;priority;730.90;607.94;
1.6;;;;;59629500;priority;984.00;584.47;
1.6;;;;;59629560;priority;986.19;489.97;
1.6;;;;;5985720722;priority;954.32;208.50;
1.6;;;;;59953366;priority;119.76;316.12;
1.6;;;;;60069047;right_before_left;950.20;337.54;
1.6;;;;;60072317;priority;125.54;158.30;
1.6;;;;;60072359;priority;832.37;792.14;
1.6;;;;;60072364;priority;1043.07;797.07;
1.6;;;;;60170470;right_before_left;473.94;836.19;
1.6;;;;;60170471;priority;207.93;664.76;
1.6;;;;;6020388031;priority;217.95;941.32;
1.6;;;;;60454050;right_before_left;631.13;118.42;
1.6;;;;;60456094;priority;939.13;759.64;
1.6;;;;;60456785;right_before_left;944.30;583.26;
1.6;;;;;60456791;priority;1027.34;585.79;
1.6;;;;;607917519;priority;170.72;0.00;
1.6;;;;;6100704325;traffic_light;1043.38;771.48;6100704325
1.6;;;;;6100704326;traffic_light;820.95;755.01;6100704326
1.6;;;;;6100704327;traffic_light;832.95;773.03;6100704327
1.6;;;;;6139941845;traffic_light;713.01;572.66;6139941845
1.6;;;;;6140655977;priority;704.76;704.33;
1.6;;;;;6140655980;traffic_light;718.27;708.25;6140655980
1.6;;;;;615897912;priority;494.70;727.34;
1.6;;;;;6339908459;priority;142.32;960.94;
1.6;;;;;6339908461;priority;95.82;931.10;
1.6;;;;;6339908473;priority;195.47;878.25;
1.6;;;;;6339908478;priority;149.36;848.27;
1.6;;;;;6464212477;priority;1039.64;960.35;
1.6;;;;;6464212478;priority;1039.71;957.25;
1.6;;;;;6485676298;priority;825.47;1056.56;
1.6;;;;;6485676336;priority;627.01;809.86;
1.6;;;;;6485676337;priority;630.18;810.94;
1.6;;;;;6488191691;priority;557.65;123.07;
1.6;;;;;6488191693;priority;512.03;193.29;
1.6;;;;;6488191698;priority;468.38;258.68;
1.6;;;;;6488191700;priority;396.18;369.74;
1.6;;;;;6488191714;priority;341.78;459.64;
1.6;;;;;6488191715;priority;339.87;462.26;
1.6;;;;;6497762609;priority;837.97;269.41;
1.6;;;;;6497762613;priority;839.54;266.92;
1.6;;;;;6497762630;priority;818.58;305.69;
1.6;;;;;6497762631;priority;815.91;303.93;
1.6;;;;;6497762641;priority;787.24;348.67;
1.6;;;;;6497762642;priority;789.84;350.31;
1.6;;;;;6497762643;priority;734.94;440.23;
1.6;;;;;6497762792;priority;721.62;578.88;
1.6;;;;;6497762793;priority;722.74;579.71;
1.6;;;;;6497762809;priority;703.44;706.07;
1.6;;;;;6497762818;priority;612.22;638.34;
1.6;;;;;6497762829;priority;605.32;632.21;
1.6;;;;;6497762830;priority;603.74;634.75;
1.6;;;;;6497762834;priority;471.60;548.26;
1.6;;;;;6497762835;priority;473.27;545.70;
1.6;;;;;6518255475;priority;198.72;365.94;
1.6;;;;;6518255476;priority;196.96;368.61;
1.6;;;;;6518255484;priority;120.74;314.62;
1.6;;;;;659998486;priority;245.88;949.25;
1.6;;;;;659998488;priority;308.86;981.58;
1.6;;;;;664317429;traffic_light;425.26;1079.30;664317429
1.6;;;;;664317438;traffic_light;441.31;1095.51;664317438
1.6;;;;;672967886;priority;1039.74;955.21;
1.6;;;;;672967922;priority;1039.62;962.04;
1.6;;;;;6795337887;traffic_light;692.00;707.82;6795337887
1.6;;;;;6795337888;traffic_light;687.95;704.72;6795337888
1.6;;;;;6795337889;traffic_light;686.70;706.82;6795337889
1.6;;;;;6860480473;traffic_light;706.56;717.93;6860480473
1.6;;;;;6860480481;traffic_light;697.54;706.55;6860480481
1.6;;;;;690140837;priority;845.49;370.09;
1.6;;;;;6966880916;priority;711.61;607.73;
1.6;;;;;6979844139;priority;953.75;229.49;
1.6;;;;;7149090597;priority;496.22;223.41;
1.6;;;;;7230539503;priority;1046.20;665.21;
1.6;;;;;7230539507;priority;1046.29;661.52;
1.6;;;;;7230539514;priority;1046.09;669.34;
1.6;;;;;7230539523;priority;1045.37;698.01;
1.6;;;;;7230539527;priority;1045.30;700.29;
1.6;;;;;7250272759;priority;1045.12;707.47;
1.6;;;;;7250272761;priority;1045.18;705.22;
1.6;;;;;7271539734;priority;1024.24;585.70;
1.6;;;;;742231099;priority;1061.85;354.84;
1.6;;;;;742231100;priority;1135.02;356.87;
1.6;;;;;760350518;priority;945.63;472.29;
1.6;;;;;760350521;priority;946.53;504.96;
1.6;;;;;760466570;priority;1049.57;532.44;
1.6;;;;;760466571;priority;1049.38;540.08;
1.6;;;;;760466573;priority;1050.35;501.88;
1.6;;;;;760466574;priority;1048.73;565.52;
1.6;;;;;760466575;priority;1049.32;542.46;
1.6;;;;;760466576;priority;1050.16;509.44;
1.6;;;;;760466577;priority;1049.20;546.95;
1.6;;;;;760466578;priority;1048.47;575.60;
1.6;;;;;760466579;priority;1049.44;537.45;
1.6;;;;;760471963;priority;990.23;490.04;
1.6;;;;;760471965;priority;1033.98;489.94;
1.6;;;;;760471967;priority;963.38;489.60;
1.6;;;;;760471968;priority;1006.91;490.30;
1.6;;;;;760471969;priority;957.09;489.51;
1.6;;;;;760471970;priority;996.05;490.12;
1.6;;;;;760471971;priority;1001.94;490.22;
1.6;;;;;760471972;priority;982.63;489.92;
1.6;;;;;7624951737;priority;903.04;335.79;
1.6;;;;;7625068335;priority;1052.15;409.79;
1.6;;;;;7625078478;priority;844.26;408.57;
1.6;;;;;7625139882;priority;842.76;452.98;
1.6;;;;;7625139894;priority;871.73;334.64;
1.6;;;;;7625140884;priority;1052.64;383.64;
1.6;;;;;7628444147;priority;668.33;674.78;
1.6;;;;;7628444158;priority;626.09;647.40;
1.6;;;;;7631477464;priority;423.20;514.80;
1.6;;;;;7631663001;priority;294.93;430.97;
1.6;;;;;7631663005;priority;239.89;394.78;
1.6;;;;;7631766093;priority;513.53;483.26;
1.6;;;;;7631766116;priority;699.31;565.91;
1.6;;;;;7631833494;priority;836.57;692.69;
1.6;;;;;7631833503;priority;836.50;696.83;
1.6;;;;;7631833510;priority;836.81;679.50;
1.6;;;;;7631833513;priority;901.32;639.32;
1.6;;;;;7631833516;priority;800.98;609.27;
1.6;;;;;7632518845;priority;839.12;547.11;
1.6;;;;;7632518858;priority;840.69;500.36;
1.6;;;;;7632518863;priority;903.58;432.47;
1.6;;;;;7643156906;priority;988.35;760.29;
1.6;;;;;7643156923;priority;940.58;706.80;
1.6;;;;;7643288437;priority;1007.74;585.19;
1.6;;;;;7645881106;priority;941.44;675.33;
1.6;;;;;7668730077;priority;850.02;230.67;
1.6;;;;;7668804052;priority;851.56;179.46;
1.6;;;;;7668804067;priority;852.63;139.45;
1.6;;;;;7668830439;priority;823.25;371.47;
1.6;;;;;7668852649;priority;759.40;92.99;
1.6;;;;;7668950091;priority;623.97;602.78;
1.6;;;;;7669150791;priority;771.49;338.73;
1.6;;;;;7669516095;priority;615.58;327.55;
1.6;;;;;7669516153;priority;602.77;231.97;
1.6;;;;;7669516159;priority;633.63;251.49;
1.6;;;;;7669521799;priority;1040.66;927.21;
1.6;;;;;7669521819;priority;1040.22;868.26;
1.6;;;;;7669535774;priority;581.03;218.22;
1.6;;;;;7669535781;priority;535.96;162.36;
1.6;;;;;7669542987;priority;599.97;150.70;
1.6;;;;;7669573353;priority;348.11;135.73;
1.6;;;;;7669678565;priority;337.67;151.47;
1.6;;;;;7669695391;priority;278.83;134.40;
1.6;;;;;7669700712;priority;625.90;311.72;
1.6;;;;;7669700719;priority;641.93;287.13;
1.6;;;;;7669700727;priority;679.83;280.16;
1.6;;;;;7669700732;priority;704.29;296.02;
1.6;;;;;7672931318;priority;627.98;110.83;
1.6;;;;;7673283355;priority;853.36;110.25;
1.6;;;;;7673510101;priority;765.97;335.20;
1.6;;;;;7673624749;priority;303.03;150.23;
1.6;;;;;7673695095;priority;300.68;208.54;
1.6;;;;;7673695099;priority;300.00;209.58;
1.6;;;;;7673695127;priority;231.23;261.79;
1.6;;;;;7676071012;priority;290.77;223.87;
1.6;;;;;7676071016;priority;293.34;219.90;
1.6;;;;;7676079946;priority;358.73;187.03;
1.6;;;;;7676126812;priority;392.55;209.13;
1.6;;;;;7676126821;priority;414.79;223.66;
1.6;;;;;7676207734;priority;298.31;212.20;
1.6;;;;;7676756995;priority;303.08;726.08;
1.6;;;;;7676757030;priority;278.64;710.32;
1.6;;;;;7676757047;priority;219.48;646.34;
1.6;;;;;7676757064;priority;244.45;608.08;
1.6;;;;;7676879035;priority;309.77;607.15;
1.6;;;;;7676879047;priority;331.62;621.43;
1.6;;;;;7676879065;priority;379.48;652.71;
1.6;;;;;7676890497;priority;351.84;731.34;
1.6;;;;;7680060436;priority;441.65;306.07;
1.6;;;;;7680122990;priority;420.63;385.74;
1.6;;;;;7680122993;priority;424.26;388.13;
1.6;;;;;7680123004;priority;443.43;400.74;
1.6;;;;;7680124552;priority;307.15;311.71;
1.6;;;;;7680124558;priority;330.61;326.99;
1.6;;;;;7680124568;priority;358.68;345.28;
1.6;;;;;7680124584;priority;378.40;358.11;
1.6;;;;;7680128440;priority;635.18;297.49;
1.6;;;;;7680128459;priority;560.67;205.33;
1.6;;;;;7680128468;priority;505.68;208.64;
1.6;;;;;7687750052;priority;132.57;705.38;
1.6;;;;;7687786220;priority;265.00;866.57;
1.6;;;;;7687786267;priority;358.10;905.88;
1.6;;;;;7687786282;priority;354.84;910.93;
1.6;;;;;7690661293;priority;80.88;456.57;
1.6;;;;;7690661299;priority;87.01;460.66;
1.6;;;;;7690696527;priority;95.69;524.59;
1.6;;;;;7695105593;priority;208.56;541.30;
1.6;;;;;7695105594;priority;175.00;518.99;
1.6;;;;;7695105595;priority;153.70;504.63;
1.6;;;;;7695105596;priority;96.41;523.50;
1.6;;;;;7698539437;priority;134.49;616.47;
1.6;;;;;7698602839;priority;161.27;423.34;
1.6;;;;;7698669739;priority;322.64;827.77;
1.6;;;;;7701337664;priority;175.00;836.09;
1.6;;;;;7701513001;priority;253.79;784.13;
1.6;;;;;7702050798;priority;141.81;711.57;
1.6;;;;;7702050804;priority;145.87;759.50;
1.6;;;;;7702074833;priority;182.16;647.86;
1.6;;;;;7702074840;priority;161.44;634.21;
1.6;;;;;7702074843;priority;139.42;619.71;
1.6;;;;;7702074848;priority;106.54;598.03;
1.6;;;;;7702130668;priority;142.66;712.13;
1.6;;;;;7702139203;priority;1051.91;431.19;
1.6;;;;;775879309;priority;387.74;677.05;
1.6;;;;;775985726;dead_end;1119.51;831.27;
1.6;;;;;775994754;priority;504.43;733.64;
1.6;;;;;775994755;priority;521.65;744.81;
1.6;;;;;775994756;priority;414.78;675.64;
1.6;;;;;775994757;priority;539.71;756.56;
1.6;;;;;775996545;priority;618.76;610.80;
1.6;;;;;775996546;priority;540.03;731.77;
1.6;;;;;775997500;priority;521.29;761.81;
1.6;;;;;775997502;priority;480.85;825.10;
1.6;;;;;77698717;priority;173.74;220.60;
1.6;;;;;779180422;priority;995.04;584.80;
1.6;;;;;779180423;priority;956.97;583.65;
1.6;;;;;779180424;priority;1032.50;585.95;
1.6;;;;;779180425;priority;988.34;584.60;
1.6;;;;;779180426;priority;978.55;584.30;
1.6;;;;;779180872;priority;1061.88;586.85;
1.6;;;;;779180874;priority;944.69;570.88;
1.6;;;;;779187209;traffic_light;835.65;744.75;779187209
1.6;;;;;779187210;priority;837.34;648.79;
1.6;;;;;779189653;priority;849.27;637.50;
1.6;;;;;779189654;priority;859.32;637.86;
1.6;;;;;779189655;priority;928.14;640.26;
1.6;;;;;779189656;priority;933.18;640.43;
1.6;;;;;779189657;priority;923.21;640.08;
1.6;;;;;779189658;priority;854.31;637.68;
1.6;;;;;779194550;traffic_light;1044.01;749.64;779194550
1.6;;;;;779194552;priority;1037.20;586.09;
1.6;;;;;779194553;priority;1018.62;585.53;
1.6;;;;;779194555;priority;1047.56;611.53;
1.6;;;;;779194556;priority;1044.88;717.13;
1.6;;;;;779194558;priority;1047.88;598.95;
1.6;;;;;781158645;dead_end;1095.18;761.82;
1.6;;;;;7862118549;priority;240.01;935.95;
1.6;;;;;7862118550;priority;306.21;980.68;
1.6;;;;;7862118551;priority;308.39;982.32;
1.6;;;;;7862118553;priority;229.05;935.43;
1.6;;;;;7862118554;priority;235.71;942.03;
1.6;;;;;7862118555;priority;306.54;985.25;
1.6;;;;;7883379442;priority;1050.09;512.22;
1.6;;;;;7883529144;priority;1051.27;457.17;
1.6;;;;;7883529147;priority;1051.30;455.34;
1.6;;;;;7884134654;priority;377.97;485.18;
1.6;;;;;7884134657;priority;404.98;502.84;
1.6;;;;;7884270180;priority;374.33;409.58;
1.6;;;;;7886999867;priority;449.32;404.62;
1.6;;;;;7897199458;priority;838.37;589.68;
1.6;;;;;7897199463;priority;869.87;638.23;
1.6;;;;;7905529644;priority;336.47;330.81;
1.6;;;;;7905529648;priority;313.62;315.93;
1.6;;;;;7908131198;priority;240.48;301.96;
1.6;;;;;7937196090;priority;275.08;131.94;
1.6;;;;;845703804;priority;949.97;346.86;
1.6;;;;;845703805;priority;947.86;424.57;
1.6;;;;;878470739;priority;1037.43;1082.75;
1.6;;;;;878470740;priority;940.45;711.64;
1.6;;;;;878470742;priority;1038.50;995.39;
1.6;;;;;878470744;priority;942.16;648.80;
1.6;;;;;878470746;priority;939.80;735.21;
1.6;;;;;878470747;traffic_light;1032.75;760.98;878470747
1.6;;;;;878470748;priority;950.71;759.68;
1.6;;;;;878470749;priority;950.29;826.86;
1.6;;;;;878470750;priority;1041.27;901.76;
1.6;;;;;878470751;priority;941.08;688.59;
1.6;;;;;878470752;priority;976.90;827.62;
1.6;;;;;890175719;priority;1049.59;1058.15;
1.6;;;;;890175722;priority;1118.03;1059.21;
1.6;;;;;890175724;priority;1068.49;1058.45;
1.6;;;;;890175731;priority;1040.48;934.71;
1.6;;;;;890175735;priority;1063.20;1058.36;
1.6;;;;;890178188;priority;991.54;760.33;
1.6;;;;;891514295;priority;987.48;827.88;
1.6;;;;;891514296;priority;997.93;828.15;
1.6;;;;;891514297;priority;1010.94;828.47;
1.6;;;;;891562468;priority;940.64;704.66;
1.6;;;;;891562469;priority;942.00;654.73;
1.6;;;;;891562471;priority;941.53;671.97;
1.6;;;;;892837532;priority;1063.56;489.62;
1.6;;;;;900132064;priority;584.80;663.97;
1.6;;;;;900132065;priority;591.40;654.16;
1.6;;;;;900132069;priority;565.55;608.00;
1.6;;;;;900132070;priority;484.00;554.56;
1.6;;;;;900132184;priority;646.11;568.60;
1.6;;;;;900132370;traffic_light;655.70;553.55;900132370
1.6;;;;;900408156;priority;559.86;926.59;
1.6;;;;;900408158;priority;533.53;964.70;
1.6;;;;;900509758;priority;848.35;824.73;
1.6;;;;;900509766;priority;868.64;825.13;
1.6;;;;;900509776;priority;906.36;825.89;
1.6;;;;;900509777;priority;931.79;826.39;
1.6;;;;;911782071;traffic_light;741.27;608.14;911782071
1.6;;;;;911782076;priority;829.26;609.80;
1.6;;;;;911782077;priority;840.46;505.64;
1.6;;;;;913243838;priority;789.78;609.06;
1.6;;;;;913243841;priority;751.92;608.33;
1.6;;;;;913250150;priority;731.56;596.56;
1.6;;;;;913250152;priority;730.19;612.82;
1.6;;;;;913255820;traffic_light;707.85;716.00;913255820
1.6;;;;;913255827;priority;697.41;731.27;
1.6;;;;;913561258;priority;808.93;609.42;
1.6;;;;;915595776;priority;757.50;428.47;
1.6;;;;;915595777;priority;852.93;431.12;
1.6;;;;;915595779;priority;833.88;430.58;
1.6;;;;;915595781;priority;843.32;440.37;
1.6;;;;;915595789;priority;796.52;429.51;
1.6;;;;;915595791;priority;935.72;433.41;
1.6;;;;;915595793;priority;777.33;428.96;
1.6;;;;;915595794;priority;839.21;541.58;
1.6;;;;;922394981;priority;1087.57;587.63;
1.6;;;;;941367121;priority;951.88;292.61;
1.6;;;;;941367128;priority;958.31;65.04;
1.6;;;;;941367141;priority;952.77;265.00;
1.6;;;;;941367144;priority;957.66;98.52;
1.6;;;;;941474677;priority;245.58;897.21;
1.6;;;;;941474679;priority;293.02;822.38;
1.6;;;;;941474680;priority;464.29;829.97;
1.6;;;;;941474681;priority;389.67;781.88;
1.6;;;;;941474682;priority;383.20;777.70;
1.6;;;;;945724445;priority;1050.88;477.79;
1.6;;;;;945724446;priority;1054.26;310.98;
1.6;;;;;945724456;priority;1051.36;452.15;
1.6;;;;;945724458;priority;1053.00;364.45;
1.6;;;;;945724460;priority;1052.21;406.94;
1.6;;;;;945724462;priority;1051.10;465.88;
1.6;;;;;945724464;priority;1053.08;346.85;
1.6;;;;;945724467;priority;1053.16;343.87;
1.6;;;;;946540443;priority;945.14;554.77;
1.6;;;;;946540444;priority;945.31;548.65;
1.6;;;;;947998241;priority;1046.27;662.42;
1.6;;;;;947998250;priority;1045.71;684.48;
1.6;;;;;947998260;priority;1045.53;691.34;
1.6;;;;;947998273;priority;1044.98;712.95;
1.6;;;;;950290570;priority;393.18;380.29;
1.6;;;;;950290580;priority;354.30;440.73;
1.6;;;;;950300452;dead_end;0.00;402.74;
1.6;;;;;950318797;priority;231.76;389.51;
1.6;;;;;953049449;priority;476.55;1010.69;
1.6;;;;;953049450;priority;466.72;1024.66;
1.6;;;;;953056140;priority;444.89;817.47;
1.6;;;;;954733769;priority;642.88;257.35;
1.6;;;;;954733771;priority;533.20;187.95;
1.6;;;;;954733773;priority;722.69;307.70;
1.6;;;;;954733775;priority;678.73;279.45;
1.6;;;;;954733777;priority;710.80;300.24;
1.6;;;;;954733778;priority;668.09;272.78;
1.6;;;;;959359307;priority;96.37;831.30;
1.6;;;;;959359343;dead_end;63.05;881.59;
1.6;;;;;959380499;priority;794.02;289.70;
1.6;;;;;959380501;priority;692.77;225.37;
1.6;;;;;959380505;priority;734.56;457.13;
1.6;;;;;959380509;priority;805.03;296.96;
1.6;;;;;976961261;traffic_light;505.11;1111.95;976961261
1.6;;;;;988554301;priority;890.59;432.06;
1.6;;;;;988554303;priority;911.69;432.72;
1.6;;;;;988555503;priority;946.06;443.94;
1.6;;;;;988556190;priority;1005.58;760.56;
1.6;;;;;988566055;priority;990.98;302.10;
1.6;;;;;988566056;priority;1021.38;302.35;
1.6;;;;;988566058;priority;973.06;301.91;
1.6;;;;;988688977;priority;944.62;573.60;
