,from,to,length,node_list,start_edge,end_edge,detector,edge_list
0,1297403614,60170471,175.67,1297403614 3214939948 298368073 298368069 3214939950 7702074848 4524911342 7698539437 7702074843 434551472 298372061 7702074840 7702074833 3216453378 298372985 60170471,114554802#0,37293912#0,114554802#7,114554802#0 114554802#1 114554802#2 114554802#3 114554802#4 114554802#5 114554802#6 114554802#7 114554802#8 37293913#0 37293913#1 37293913#2 37293913#3 37293913#4 37293912#0
1,315285583,659998488,89.07,315285583 2260404103 7862118549 2260404116 313962155 319604909 295056712 7862118550 659998488,122886923#0,29049210#1,122886923#3,122886923#0 122886923#1 122886923#2 122886923#3 316509065 316509063 29049210#0 29049210#1
2,315285583,1371750099,10.6,315285583 311747902 2485284348 1371750099,122886921#0,122886921#2,122886921#1,122886921#0 122886921#1 122886921#2
3,1371750099,315285583,10.6,1371750099 2485284348 311747902 315285583,-122886921#2,-122886921#0,-122886921#1,-122886921#2 -122886921#1 -122886921#0
4,1371750099,150983569,76.35,1371750099 298137943 1426836922 6339908473 1426836919 1378036892 1426836916 150983569,-129300238#1,-129300241#2,-129300233#0,-129300238#1 -129300238#0 -129300233#1 -129300233#0 -129300244#1 -129300244#0 -129300241#2
5,1371750099,1371750095,97.94,1371750099 311747899 941474677 7687786220 941474679 298278778 1371750095,-80727853#1,-36726220#2,-80727850#1,-80727853#1 -80727853#0 -80727850#1 -80727850#0 -36726220#3 -36726220#2
6,1371750094,150983569,53.15,1371750094 301360877 3216400387 1426836913 6339908478 150983569,122886922#0,129300241#1,122886922#2,122886922#0 122886922#1 122886922#2 129300241#0 129300241#1
7,1371750094,1371751506,18.2,1371750094 298373925 1371751508 1371751506,-52656372#2,-52656372#0,-52656372#1,-52656372#2 -52656372#1 -52656372#0
8,25291570,25291571,118.68,25291570 315385837 3812557458 436223305 7680060436 3327637248 315385121 25291571,195828013#0,326150486#1,195828013#3,195828013#0 195828013#1 195828013#2 195828013#3 195828013#4 326150486#0 326150486#1
9,25291570,1372260497,161.89,25291570 6488191698 315385117 7676126821 7676126812 7676079946 315385843 1372260497,-122949520#12,-122949520#6,-122949520#9,-122949520#12 -122949520#11 -122949520#10 -122949520#9 -122949520#8 -122949520#7 -122949520#6
10,1372260497,1372260491,63.6,1372260497 310089287 1297416477 7669678565 1297416468 1297416471 7669573353 1297416476 310063818 1372260491,114555768#2,114555765#1,114555769,114555768#2 114555768#3 114555764#0 114555764#1 114555769 114555766#0 114555766#1 114555765#0 114555765#1
11,1372260497,25291570,161.89,1372260497 315385843 7676079946 7676126812 7676126821 315385117 6488191698 25291570,122949520#6,122949520#12,122949520#9,122949520#6 122949520#7 122949520#8 122949520#9 122949520#10 122949520#11 122949520#12
12,1372260497,1372260455,136.77,1372260497 315385849 7673624749 7669695391 7937196090 1372287165 1372260494 310063816 1372260455,-122949520#5,122949522#1,-122949520#2,-122949520#5 -122949520#4 -122949520#3 -122949520#2 -122949520#1 -122949520#0 122949522#0 122949522#1
13,1372260455,1372260497,136.72,1372260455 310063816 1372260494 1372287165 7937196090 7669695391 7673624749 315385849 1372260497,-122949522#1,122949520#5,122949520#1,-122949522#1 -122949522#0 122949520#0 122949520#1 122949520#2 122949520#3 122949520#4 122949520#5
14,1372260455,1372260491,73.71,1372260455 310063909 1372260491,-122949524#1,-122949524#0,-122949524#1,-122949524#1 -122949524#0
15,1372260455,607917519,133.88,1372260455 1372260450 607917519,122949524#2,122949524#3,122949524#2,122949524#2 122949524#3
16,1372260491,25292476,161.74,1372260491 310090478 246789761 246789763 6488191693 25292476,30001818#0,36729014#2,36729014#0,30001818#0 30001818#1 36729014#0 36729014#1 36729014#2
17,1372260491,1372260455,73.71,1372260491 310063909 1372260455,122949524#0,122949524#1,122949524#0,122949524#0 122949524#1
18,607917519,1372260455,134.85,607917519 1372260450 1372260455,-122949524#3,-122949524#2,-122949524#3,-122949524#3 -122949524#2
19,1372441189,1547012334,30.52,1372441189 301360155 1547012334,122962417#0,122962417#1,122962417#0,122962417#0 122962417#1
20,1372441189,1973747714,11.16,1372441189 301360158 1973747714,-186631612#1,-186631612#0,-186631612#1,-186631612#1 -186631612#0
21,1372441189,1377211667,73.9,1372441189 4524927399 298372071 7687750052 7702050798 7702130668 3216453388 298373727 1377211667,186631612#2,36729017,36729013#1,186631612#2 186631612#3 36729013#0 36729013#1 36729013#2 36729013#3 36729013#4 36729017
22,1547012334,1372441189,30.52,1547012334 301360155 1372441189,-122962417#1,-122962417#0,-122962417#1,-122962417#1 -122962417#0
23,1376344654,742231100,75.06,1376344654 311111203 742231099 742231100,123412755#0,59803646,123412755#1,123412755#0 123412755#1 59803646
24,1376344654,1379421404,39.24,1376344654 945724464 945724467 945724446 449159651 1379421404,81152596#2,81152595#1,81152597,81152596#2 81152596#3 81152597 81152595#0 81152595#1
25,1376344654,243970410,119.5,1376344654 1005429216 945724458 7625140884 945724460 7625068335 7702139203 945724456 7883529147 7883529144 299982760 945724462 945724445 310988743 243970410,-81152596#1,-60753083#2,-81152593,-81152596#1 -81152596#0 -81152594#1 -81152594#0 -81152592#1 -81152592#0 -81152593 -81152599#3 -81152599#2 -81152599#1 -81152599#0 -81152598 -36729040 -60753083#2
26,1377940920,25292484,147.16,1377940920 310984613 959380501 438659047 959380499 289550268 959380509 310987710 6497762631 25292484,82410875#0,82410885#2,82410883#0,82410875#0 82410875#1 4236417#0 4236417#1 82410883#0 82410883#1 82410885#0 82410885#1 82410885#2
27,1377940920,1377940926,38.42,1377940920 310984424 299980112 1377940926,123635329#0,82410880#0,123635329#1,123635329#0 123635329#1 82410880#0
28,1377940920,250658253,55.18,1377940920 434463660 1007051492 250658253,37287290,28842830#1,28842830#0,37287290 28842830#0 28842830#1
29,1380291085,1380323468,34.28,1380291085 310987688 690140837 310987501 1380323468,-54821945#1,-54818681#1,-54821945#0,-54821945#1 -54821945#0 -54818681#2 -54818681#1
30,1380291085,60069047,92.41,1380291085 1007051629 299979867 1007051486 7625139894 299979844 7624951737 299979846 299979866 60069047,123901490,36729036#5,36729036#1,123901490 86597190#0 86597190#1 36729036#0 36729036#1 36729036#2 36729036#3 36729036#4 36729036#5
31,1380411607,1380411608,12.79,1380411607 1380411608,-62383932#2,-62383932#2,-62383932#2,-62383932#2
32,1380411607,1380323657,164.09,1380411607 314935865 426911764 7897199458 7632518845 915595794 348212621 911782077 7632518858 7625139882 915595781 314934974 1380323657,127104868#0,77893337#1,77893334#0,127104868#0 127104868#1 36729037#0 36729037#1 36729037#2 77893334#0 77893334#1 77465097#0 77465097#1 77465097#2 77893337#0 77893337#1
33,1380411607,58753656,93.59,1380411607 314935863 911782076 913561258 7631833516 1405866798 913243838 2403892462 913243841 911782071 298274896 58753656,7920348#0,77465095#1,77647468#2,7920348#0 7920348#1 77465096 77647468#0 77647468#1 77647468#2 77615028 232042787 77615029 77465095#0 77465095#1
34,25292451,60456094,88.67,25292451 311113245 1621482165 2036582381 347301724 337796551 60456094,264777229,81796218#1,149124872,264777229 62383933 149124872 193141641 81796218#0 81796218#1
35,25292451,25345666,52.89,25292451 296250223 6100704327 60072359 296250563 25345666,-37142650,-37142649,-4243035#1,-37142650 -4243035#2 -4243035#1 -4243035#0 -37142649
36,25292451,1380411608,102.41,25292451 311112501 779187209 2651685823 348216425 348216424 7631833503 7631833494 7631833510 779187210 311113184 1380411608,127104874,62383932#1,62383930#0,127104874 34031654 62383934 259716340 62383931 62383930#0 62383930#1 62383930#2 62383930#3 62383932#0 62383932#1
37,4435014128,4435014132,77.46,4435014128 189426849 324707765 4435014132,127809159#2,36730335#0,127809159#3,127809159#2 127809159#3 36730335#0
38,4435014128,206102178,37.28,4435014128 315151678 206102178,-36730362#1,-36730362#0,-36730362#1,-36730362#1 -36730362#0
39,4435014128,1936085683,196.7,4435014128 1380974106 1413816275 1413816272 315151670 6485676298 1380974104 276385368 1936085683,-127809159#1,14472965#1,-4247500#2,-127809159#1 -127809159#0 -127809157 -4247500#2 -4247500#1 -4247500#0 14472965#0 14472965#1
40,150983569,1371750094,53.14,150983569 6339908478 1426836913 3216400387 301360877 1371750094,-129300241#1,-122886922#0,-122886922#2,-129300241#1 -129300241#0 -122886922#2 -122886922#1 -122886922#0
41,150983569,1371750099,76.35,150983569 1426836916 1378036892 1426836919 6339908473 1426836922 298137943 1371750099,129300241#2,129300238#1,129300233#0,129300241#2 129300244#0 129300244#1 129300233#0 129300233#1 129300238#0 129300238#1
42,150983569,3216400385,31.38,150983569 301360871 7701337664 301360890 3216400389 3216400385,15240373#0,15240373#4,15240373#2,15240373#0 15240373#1 15240373#2 15240373#3 15240373#4
43,1483296615,243970410,37.19,1483296615 892837532 310989237 243970410,134994760,36729039#0,75621805,134994760 75621805 36729039#0
44,1380411630,60456785,44.24,1380411630 314935868 2075922541 1003627114 2665390692 310989244 60456785,-197339887#1,-62382995#2,-197339886,-197339887#1 -197339887#0 -197339886 -260944338 -143057430 -62382995#2
45,1380411630,1380411608,90.7,1380411630 310989246 779189656 779189655 779189657 2403881125 7631833513 7897199463 779189654 779189658 779189653 311113742 1380411608,37498070,62384085#1,62384086#1,37498070 7921261 62384089 62384084 62384086#0 62384086#1 62384086#2 62384086#3 62384088 62384087 62384085#0 62384085#1
46,1380411630,60456094,103.44,1380411630 314935869 878470744 891562469 2665389903 891562471 7645881106 878470751 891562468 7643156923 878470740 878470746 3443055768 298275343 60456094,143057427#0,337207932#1,75510897#1,143057427#0 143057427#1 74307858 75510901 260944120 75510897#0 75510897#1 74307862 75510906#0 75510906#1 74307841 74307847 337207932#0 337207932#1
47,1936085683,4435014128,195.25,1936085683 276385368 1380974104 6485676298 315151670 1413816272 1413816275 1380974106 4435014128,-14472965#1,127809159#1,4247500#1,-14472965#1 -14472965#0 4247500#0 4247500#1 4247500#2 127809157 127809159#0 127809159#1
48,3216400385,150983569,31.41,3216400385 3216400389 301360890 7701337664 301360871 150983569,-15240373#4,-15240373#0,-15240373#2,-15240373#4 -15240373#3 -15240373#2 -15240373#1 -15240373#0
49,25291564,317703609,77.67,25291564 6497762818 296250765 537519897 7628444158 537519900 7628444147 537519904 317703609,30955822#0,42919365,42919366#0,30955822#0 30955822#1 30955822#2 42919366#0 42919366#1 42919367#0 42919367#1 42919365
50,25291564,1377211669,129.39,25291564 6497762830 292859342 2423066851 900132065 900132064 2423068780 775996546 296250755 1377211669,-233999572#2,-36726223#1,-76333545,-233999572#2 -233999572#1 -233999572#0 -76333547 -76333545 -234000028 -62212960 -36726224 -36726223#1
51,25291564,25291565,134.2,25291564 311086402 2269494568 900132069 2195109765 2195109761 900132070 310151301 25291565,-217644146#1,-42919373#1,-76334539#2,-217644146#1 -217644146#0 -76334538 -76334539#2 -76334539#1 -76334539#0 -42919373#2 -42919373#1
52,25291564,25291567,96.97,25291564 6497762829 292858659 313977367 775996545 7668950091 1137435462 2423061066 900132184 900132370 311086606 25291567,15245482#0,76335649#1,62212961#1,15245482#0 15245482#1 15245482#2 15245482#3 62212961#0 62212961#1 98304770 233999099 76335031 76335649#0 76335649#1
53,314935876,25291572,13.43,314935876 6139941845 189508866 6497762792 6497762793 313977352 25291572,123911189#0,123911189#5,123911189#2,123911189#0 123911189#1 123911189#2 123911189#3 123911189#4 123911189#5
54,314935876,25291567,41.34,314935876 7631766116 3232054230 1011463184 315384664 313977358 25291567,18385008#0,36729030#1,18385008#2,18385008#0 18385008#1 18385008#2 18385008#3 36729030#0 36729030#1
55,1973747714,1372441189,11.16,1973747714 301360158 1372441189,186631612#0,186631612#1,186631612#0,186631612#0 186631612#1
56,1371748756,313963185,216.5,1371748756 313972555 6339908461 6339908459 2036340756 2036340761 301361388 6020388031 389498055 313963185,-193116151#3,-51707744#0,-193116150,-193116151#3 -193116151#2 -193116151#1 -193116151#0 -193116150 -25361340 -51707744#2 -51707744#1 -51707744#0
57,25291565,1377211666,131.08,25291565 6497762834 292859324 3395239427 3228733109 299968469 1377211666,21081120#2,36729011#0,21081120#4,21081120#2 21081120#3 21081120#4 332402667 316713564 36729011#0
58,25291565,25291550,98.65,25291565 6497762835 292858658 7631766093 3232054225 3232013778 315385113 25291550,-21081120#1,-29064946#0,-317000781#0,-21081120#1 -21081120#0 -317000781#1 -317000781#0 -317000782 -29064946#1 -29064946#0
59,25291565,25291537,140.03,25291565 310150364 537519895 537519894 2195109748 7631477464 537519892 7884134657 1405850873 537519888 7884134654 537519882 1405850868 313984198 313989156 25291537,-42919373#0,-30903129#0,-126902357#0,-42919373#0 -42919372 -42919371 -42919374#2 -42919374#1 -42919374#0 -126902357#1 -126902357#0 -42919375 -42919376#1 -42919376#0 -126902358 -30903129#2 -30903129#1 -30903129#0
60,25291565,25291564,134.2,25291565 310151301 900132070 2195109761 2195109765 900132069 2269494568 311086402 25291564,42919373#1,217644146#1,76334539#1,42919373#1 42919373#2 76334539#0 76334539#1 76334539#2 76334538 217644146#0 217644146#1
61,250658253,25292477,83.3,250658253 317115904 3496855984 434463655 7669542987 3495664797 3495664796 3495664793 3496855983 310147814 25292477,23180032#0,37287287,37287289#1,23180032#0 23180032#1 342717759 37287289#0 37287289#1 342598834 342598832 342598833 342717762 37287287
62,250658253,1377940920,53.38,250658253 1007051492 434463660 1377940920,-28842830#1,-37287290,-28842830#0,-28842830#1 -28842830#0 -37287290
63,250658253,60454050,46.83,250658253 320269798 3495146104 1380291042 1011088523 60454050,23180033#0,342534666#1,114557572,23180033#0 23180033#1 114557572 342534666#0 342534666#1
64,1379421236,311046294,0.93,1379421236 311046294,-244282080#0,-244282080#0,-244282080#0,-244282080#0
65,1379421236,1379421238,90.71,1379421236 313981023 1005473391 526769257 1005526387 311049856 1379421238,28842837#0,28842837#5,28842837#2,28842837#0 28842837#1 28842837#2 28842837#3 28842837#4 28842837#5
66,1379421236,314933749,171.78,1379421236 314938340 317119770 7673283355 7668804067 1377940911 507055673 7668804052 3528421050 7668730077 314933749,244282080#1,41454311#1,37265518#3,244282080#1 37265518#0 37265518#1 37265518#2 37265518#3 37265518#4 346307810#0 346307810#1 41454311#0 41454311#1
67,311046294,1379421236,0.93,311046294 1379421236,244282080#0,244282080#0,244282080#0,244282080#0
68,1380510464,243970410,79.7,1380510464 299983618 760466578 299983608 760466574 1683121375 760466577 760466575 760466571 760466579 760466570 7883379442 760466576 299983622 760466573 299983619 243970410,28321714#1,60753083#1,60753078#0,28321714#1 28321714#2 134994771 60753085 60753079#0 60753079#1 60753077 60753078#0 60753078#1 60753081 60753084#0 60753084#1 60753082#0 60753082#1 60753083#0 60753083#1
69,1380510464,922394981,32.51,1380510464 310989240 779180872 922394981,62384627#2,62382996,62384627#3,62384627#2 62384627#3 62382996
70,1380510464,60456785,85.59,1380510464 314736764 779194552 779180424 60456791 7271539734 779194553 7643288437 2282947011 779180422 311111730 779180425 59629500 779180426 779180423 310989247 60456785,-62384627#1,-7921561#0,-219090534#0,-62384627#1 -62384627#0 -62382876 -62382879 -62384619#1 -62384619#0 -219090534#1 -219090534#0 -62382877 -62382878#1 -62382878#0 -62382880#1 -62382880#0 -62382881 -7921561#1 -7921561#0
71,1380510464,25345669,155.07,1380510464 310989242 779194558 779194555 7230539507 947998241 7230539503 7230539514 947998250 947998260 7230539523 2306168572 7230539527 2631803349 7250272761 7250272759 947998273 779194556 779194550 296248490 25345669,-28321714#0,-4243036#7,-257702155#3,-28321714#0 -62384624 -62384622 -81356841#1 -81356841#0 -81356836#2 -81356836#1 -81356836#0 -81356843 -257702155#3 -257702155#2 -257702155#1 -257702155#0 -81356832#2 -81356832#1 -81356832#0 -62384625 -62384620 -62384623 -4243036#7
72,314933748,314933749,14.65,314933748 6497762609 2069175021 6497762613 314933749,28656022#0,196603721#1,28656022#1,28656022#0 28656022#1 196603721#0 196603721#1
73,314933748,25292484,24.56,314933748 314934627 25292484,28656019#0,28656019#1,28656019#0,28656019#0 28656019#1
74,25292484,25292485,27.39,25292484 6497762630 299980095 2069172149 2069172152 314934620 25292485,36729035#0,196602997#1,36729035#2,36729035#0 36729035#1 36729035#2 196602996 196602997#0 196602997#1
75,25292484,314933748,24.56,25292484 314934627 314933748,-28656019#1,-28656019#0,-28656019#1,-28656019#1 -28656019#0
76,25292484,1377940927,39.8,25292484 310985600 3901289276 299980108 1377940927,28656019#2,81924141#0,28656019#3,28656019#2 28656019#3 386781413 81924141#0
77,25291550,25291567,142.57,25291550 310148894 2036543084 2036543086 2036543088 2036543090 2036543092 2036543095 2036543097 3232054228 311086399 25291567,28408160#0,36729031,193139549,28408160#0 28408160#1 193139551 193139537 193139533 193139549 193139529 193139541 193139554#0 193139554#1 36729031
78,25291550,25291565,98.65,25291550 315385113 3232013778 3232054225 7631766093 292858658 6497762835 25291565,29064946#0,21081120#1,317000781#0,29064946#0 29064946#1 317000782 317000781#0 317000781#1 21081120#0 21081120#1
79,25291550,1377940926,213.71,25291550 315385114 3232013769 3232054224 3515249607 3515249606 3515249605 3515249604 426911741 426911740 7669516095 3515249603 7669700712 3515249602 7680128440 3515249601 7669700719 3062542188 310149274 1377940926,-317000784#1,-82410880#1,-344789092#1,-317000784#1 -317000784#0 -317000783 -344789082 -344789062 -344789076 -344789098 -36729009 -gneE1 -344789092#1 -344789092#0 -344789070#1 -344789070#0 -344789086#1 -344789086#0 -302021963#1 -302021963#0 -82410880#2 -82410880#1
80,1377211668,60170471,144.63,1377211668 310042886 7676756995 7676757030 3227176325 3216453384 298372991 60170471,-29186154#5,-37293912#1,-29186154#2,-29186154#5 -29186154#4 -29186154#3 -29186154#2 -29186154#1 -29186154#0 -37293912#1
81,1377211668,1371750095,61.48,1377211668 298373001 298275993 1371750095,36729010#1,36726220#1,36726220#0,36729010#1 36726220#0 36726220#1
82,1377211668,1377211666,89.86,1377211668 298372997 1416958253 7676890497 775879309 3228733112 299968946 1377211666,-36729010#0,-36729011#1,-62200559#0,-36729010#0 -128171761 -62200559#1 -62200559#0 -316713565 -36729012 -36729011#1
83,1377211668,60170470,146.39,1377211668 298372999 941474682 941474681 5047535973 953056140 941474680 295055291 60170470,29186154#6,80727852#1,80727847#0,29186154#6 29186154#7 80727851 80727847#0 80727847#1 81796384 80727852#0 80727852#1
84,1380323658,1380323660,41.05,1380323658 988555503 760350518 314935173 1380323660,30097052#1,60738729#1,85247849,30097052#1 85247849 60738729#0 60738729#1
85,1380323658,60069047,82.56,1380323658 314935170 845703805 845703804 310988084 60069047,-30097052#0,-80715861#3,-70957866,-30097052#0 -70957864 -70957866 -80715861#4 -80715861#3
86,1380323658,1380323657,87.29,1380323658 310988217 915595791 988554303 7632518863 988554301 915595777 314934972 1380323657,77893328#0,77893344#1,85247774#0,77893328#0 77893328#1 123905592 85247774#0 85247774#1 85247773 77893344#0 77893344#1
87,25291567,314935876,41.34,25291567 313977358 315384664 1011463184 3232054230 7631766116 314935876,-36729030#1,-18385008#0,-18385008#3,-36729030#1 -36729030#0 -18385008#3 -18385008#2 -18385008#1 -18385008#0
88,25291567,25291564,96.97,25291567 311086606 900132370 900132184 2423061066 1137435462 7668950091 775996545 313977367 292858659 6497762829 25291564,-76335649#1,-15245482#0,-62212961#1,-76335649#1 -76335649#0 -76335031 -233999099 -98304770 -62212961#1 -62212961#0 -15245482#3 -15245482#2 -15245482#1 -15245482#0
89,25291567,25291568,119.9,25291567 311086397 3232054227 1125194699 1125194694 277398825 313981053 1005526433 25291568,30528321#0,97129661#3,97129664,30528321#0 30528321#1 317000785 97129664 97129661#0 97129661#1 97129661#2 97129661#3
90,25291537,25291591,129.87,25291537 6488191715 292859323 3227213246 3227213248 3227213249 3227213250 300020877 25291591,30568275#0,36729015#0,316590746#0,30568275#0 30568275#1 30568275#2 316590746#0 316590746#1 316590745 316590744 36729015#0
91,25291537,25291565,139.98,25291537 313989156 313984198 1405850868 537519882 7884134654 537519888 1405850873 7884134657 537519892 7631477464 2195109748 537519894 537519895 310150364 25291565,30903129#0,42919373#0,126902357#0,30903129#0 30903129#1 30903129#2 126902358 42919376#0 42919376#1 42919375 126902357#0 126902357#1 42919374#0 42919374#1 42919374#2 42919371 42919372 42919373#0
92,25291537,25292473,152.87,25291537 313984203 3228745571 3401767829 3401767828 7631663001 3401767827 3401767826 3401767825 7631663005 950318797 3401767824 3226317514 313984206 25292473,-333061573#2,-572656872#0,-333061566,-333061573#2 -333061573#1 -333061573#0 -333061568 -333061567#1 -333061567#0 -333061566 -333061564 -81527785#1 -81527785#0 -333061571 -333061565 -572656872#1 -572656872#0
93,60170470,1377211669,90.41,60170470 295058921 775997502 3228706311 775997500 296250736 1377211669,310792148,36726223#0,62213052#0,310792148 62201410 62213052#0 62213052#1 62213050 36726223#0
94,60170470,1377211668,146.39,60170470 295055291 941474680 953056140 5047535973 941474681 941474682 298372999 1377211668,-80727852#1,-29186154#6,-80727847#1,-80727852#1 -80727852#0 -81796384 -80727847#1 -80727847#0 -80727851 -29186154#7 -29186154#6
95,3401767817,59953366,89.34,3401767817 3401767818 1013224876 3401767819 3401767820 1007824351 59953366,333061570,333061574#1,333061572#1,333061570 333061572#0 333061572#1 333061569 333061574#0 333061574#1
96,59953366,3401767817,89.34,59953366 1007824351 3401767820 3401767819 1013224876 3401767818 3401767817,-333061574#1,-333061570,-333061569,-333061574#1 -333061574#0 -333061569 -333061572#1 -333061572#0 -333061570
97,59953366,25292473,77.35,59953366 1007824554 3401767822 3401767823 337786153 337786164 3226317513 313984215 25292473,333061574#2,81527787#1,81527791#0,333061574#2 333061574#3 333061563 81527791#0 81527791#1 81527791#2 81527787#0 81527787#1
98,59953366,77698717,108.38,59953366 6518255484 292858655 77698717,9776916#0,9776916#2,9776916#1,9776916#0 9776916#1 9776916#2
99,60456094,25345669,87.78,60456094 347301723 878470748 2036622212 7643156906 890178188 988556190 878470747 314736761 25345669,81796218#2,74307852#1,193146008#1,81796218#2 81796218#3 74307845 193146008#0 193146008#1 75385584 85247916 74307852#0 74307852#1
100,60456094,1380411630,103.44,60456094 298275343 3443055768 878470746 878470740 7643156923 891562468 878470751 7645881106 891562471 2665389903 891562469 878470744 314935869 1380411630,-337207932#1,-143057427#0,-74307862,-337207932#1 -337207932#0 -74307847 -74307841 -75510906#1 -75510906#0 -74307862 -75510897#1 -75510897#0 -260944120 -75510901 -74307858 -143057427#1 -143057427#0
101,60454050,250658253,47.31,60454050 1011088523 1380291042 3495146104 320269798 250658253,-342534666#1,-23180033#0,-114557572,-342534666#1 -342534666#0 -114557572 -23180033#1 -23180033#0
102,60454050,1297428261,40.13,60454050 7672931318 1297428261,342534666#2,342534666#3,342534666#2,342534666#2 342534666#3
103,1297428261,60454050,40.13,1297428261 7672931318 60454050,-342534666#3,-342534666#2,-342534666#3,-342534666#3 -342534666#2
104,3496826441,25292477,158.33,3496826441 3496844989 3496857095 310147648 6488191691 25292477,342717764#0,37287288#1,342717761,342717764#0 342717764#1 342717761 37287288#0 37287288#1
105,1371750095,1371750097,86.64,1371750095 298275983 7698669739 3216453400 3216453401 3216453404 295055265 1371750097,29400781#0,324204705#1,324204703,29400781#0 29400781#1 29400781#2 324204703 324204704 324204705#0 324204705#1
106,1371750095,1377211667,144.55,1371750095 298137948 7701513001 5826752387 3216453389 298372080 1377211667,36726221#0,36729016,36726221#2,36726221#0 36726221#1 36726221#2 36726221#3 36726221#4 36729016
107,1371750095,1377211668,61.48,1371750095 298275993 298373001 1377211668,-36726220#1,-36729010#1,-36726220#0,-36726220#1 -36726220#0 -36729010#1
108,1371750095,1371750099,97.94,1371750095 298278778 941474679 7687786220 941474677 311747899 1371750099,36726220#2,80727853#1,80727850#0,36726220#2 36726220#3 80727850#0 80727850#1 80727853#0 80727853#1
109,1377211669,1377211666,142.12,1377211669 296250741 775994755 775994754 615897912 1377209035 347301805 2423080166 3395239431 1377208998 2423080152 1456772990 775994756 3395239429 3228733111 299968471 1377211666,62212736#2,332402673#2,234001132,62212736#2 62212736#3 62212737 62212741 234001133#0 234001133#1 234001133#2 234001132 332402672#0 332402672#1 234001131 132422343 62212740 332402673#0 332402673#1 332402673#2
110,1377211669,60170470,90.41,1377211669 296250736 775997500 3228706311 775997502 295058921 60170470,-36726223#0,-310792148,-62213052#1,-36726223#0 -62213050 -62213052#1 -62213052#0 -62201410 -310792148
111,1377211669,25291564,129.39,1377211669 296250755 775996546 2423068780 900132064 900132065 2423066851 292859342 6497762830 25291564,36726223#1,233999572#2,76333545,36726223#1 36726224 62212960 234000028 76333545 76333547 233999572#0 233999572#1 233999572#2
112,1377211666,25291591,143.97,1377211666 299968465 3395239428 7676879065 7676879047 7676879035 2423094586 3395239426 3227213252 311746601 25291591,62212739#0,81522820#0,332402669#2,62212739#0 62212739#1 332402669#0 332402669#1 332402669#2 332402669#3 234002366 332402670#0 332402670#1 81522820#0
113,1377211666,25291565,131.08,1377211666 299968469 3228733109 3395239427 292859324 6497762834 25291565,-36729011#0,-21081120#2,-332402667,-36729011#0 -316713564 -332402667 -21081120#4 -21081120#3 -21081120#2
114,1377211666,1377211668,89.86,1377211666 299968946 3228733112 775879309 7676890497 1416958253 298372997 1377211668,36729011#1,36729010#0,62200559#0,36729011#1 36729012 316713565 62200559#0 62200559#1 128171761 36729010#0
115,1377211667,1371750094,88.01,1377211667 298373896 7702050804 296047183 2419328853 3215607279 3216400377 3214889168 301360876 1371750094,81523598#1,315443482#1,233567130,81523598#1 81523598#2 81523598#3 81523598#4 233567130 315443481#0 315443481#1 315443482#0 315443482#1
116,1377211667,1372441189,73.98,1377211667 298373727 3216453388 7702130668 7702050798 7687750052 298372071 4524927399 1372441189,-36729017,-186631612#2,-36729013#2,-36729017 -36729013#4 -36729013#3 -36729013#2 -36729013#1 -36729013#0 -186631612#3 -186631612#2
117,1377940927,1377940926,146.33,1377940927 6497762641 426911762 310985601 7669150791 289550267 7673510101 528475727 954733773 954733777 7669700732 7669700727 954733775 954733778 310148897 1377940926,37290604#0,81924132#1,42333034,37290604#0 37290604#1 37290603#0 37290603#1 37290603#2 37290603#3 37290603#4 42333034 81924128 81924139#0 81924139#1 81924139#2 81924135 81924132#0 81924132#1
118,1377940927,25292484,39.8,1377940927 299980108 3901289276 310985600 25292484,-81924141#0,-28656019#2,-386781413,-81924141#0 -386781413 -28656019#3 -28656019#2
119,1377940927,1380323468,56.51,1377940927 6497762642 426911763 299980096 528475730 528475729 7668830439 310987504 1380323468,-36729032#1,36729034,36729033#1,-36729032#1 -36729032#0 36729033#0 36729033#1 42333035 42333036#0 42333036#1 36729034
120,1377940927,1005526490,76.1,1377940927 310985433 311091794 1005526490,81924141#1,81924137#1,81924137#0,81924141#1 81924137#0 81924137#1
121,1380323468,1377940927,56.51,1380323468 310987504 7668830439 528475729 528475730 299980096 426911763 6497762642 1377940927,-36729034,36729032#1,-42333035,-36729034 -42333036#1 -42333036#0 -42333035 -36729033#1 -36729033#0 36729032#0 36729032#1
122,1380323468,1380323657,35.01,1380323468 314934629 7625078478 314934977 1380323657,-54818681#0,-77893337#2,-54818682#1,-54818681#0 -54818682#1 -54818682#0 -77893337#2
123,1380323468,1380291085,34.28,1380323468 310987501 690140837 310987688 1380291085,54818681#1,54821945#1,54818681#2,54818681#1 54818681#2 54821945#0 54821945#1
124,60069047,1380323407,21.45,60069047 317914541 1380323407,-80715861#2,-80715861#1,-80715861#2,-80715861#2 -80715861#1
125,60069047,1380323658,82.56,60069047 310988084 845703804 845703805 314935170 1380323658,80715861#3,30097052#0,70957866,80715861#3 80715861#4 70957866 70957864 30097052#0
126,60069047,1380291085,92.41,60069047 299979866 299979846 7624951737 299979844 7625139894 1007051486 299979867 1007051629 1380291085,-36729036#5,-123901490,-36729036#1,-36729036#5 -36729036#4 -36729036#3 -36729036#2 -36729036#1 -36729036#0 -86597190#1 -86597190#0 -123901490
127,243970410,1483296615,37.19,243970410 310989237 892837532 1483296615,-36729039#0,-134994760,-75621805,-36729039#0 -75621805 -134994760
128,243970410,1380510464,79.7,243970410 299983619 760466573 299983622 760466576 7883379442 760466570 760466579 760466571 760466575 760466577 1683121375 760466574 299983608 760466578 299983618 1380510464,-60753083#1,-28321714#1,-60753078#1,-60753083#1 -60753083#0 -60753082#1 -60753082#0 -60753084#1 -60753084#0 -60753081 -60753078#1 -60753078#0 -60753077 -60753079#1 -60753079#0 -60753085 -134994771 -28321714#2 -28321714#1
129,243970410,1380323660,86.49,243970410 311014126 760471965 760471968 760471971 310988754 760471970 760471963 59629560 760471972 760471967 760471969 310988087 1380323660,36729039#1,60754210#1,60754207,36729039#1 36729039#2 60754206 60754211 60754209#0 60754209#1 60754207 60754205#0 60754205#1 60754208 60754212 60754210#0 60754210#1
130,243970410,1376344654,119.5,243970410 310988743 945724445 945724462 299982760 7883529144 7883529147 945724456 7702139203 7625068335 945724460 7625140884 945724458 1005429216 1376344654,60753083#2,81152596#1,81152599#3,60753083#2 36729040 81152598 81152599#0 81152599#1 81152599#2 81152599#3 81152593 81152592#0 81152592#1 81152594#0 81152594#1 81152596#0 81152596#1
131,4435014132,4435014128,77.46,4435014132 324707765 189426849 4435014128,-36730335#0,-127809159#2,-127809159#3,-36730335#0 -127809159#3 -127809159#2
132,4435014132,878470739,18.19,4435014132 324707775 878470739,-36730336#0,-74307844,-36730336#0,-36730336#0 -74307844
133,4435014132,25345665,210.8,4435014132 298277836 2112507858 348216871 426926471 2403530744 878470742 1380974098 672967922 6464212477 4435014131 6464212478 672967886 288883180 890175731 7669521799 878470750 348216801 7669521819 277401793 1012497968 1012497956 426911765 264015226 25345665,36730336#1,4243036#0,36730332#4,36730336#1 36730337 201293692 201293693#0 201293693#1 232008578 74307851 36730332#0 36730332#1 36730332#2 36730332#3 36730332#4 36730332#5 36730333 75384651#0 75384651#1 74307865#0 74307865#1 74307865#2 143057426#0 143057426#1 315605356 315605355 4243036#0
134,4435014132,890175722,71.58,4435014132 324707768 890175719 890175735 890175724 376008078 890175722,36730335#1,75384657#1,75384668,36730335#1 36730335#2 75384668 75384672 75384657#0 75384657#1
135,206102178,4435014128,38.18,206102178 315151678 4435014128,36730362#0,36730362#1,36730362#0,36730362#0 36730362#1
136,25345666,317703803,171.86,25345666 1156114391 1156114393 1380961225 1677747117 1677741875 1677741874 311114949 298273573 1456572633 1456572631 317703801 317703802 432509366 317703803,166564262,37137192,155367884,166564262 99988875 99988876 202485897 155368069 155367885 155367884 99988877#0 99988877#1 28903078 132555329#0 132555329#1 132555329#2 37137192
137,25345666,25292451,52.89,25345666 296250563 60072359 6100704327 296250223 25292451,37142649,37142650,4243035#1,37142649 4243035#0 4243035#1 4243035#2 37142650
138,25292477,25292480,54.46,25292477 310973840 3812557357 7669535781 1011256677 25292480,8014829#4,8014829#8,8014829#6,8014829#4 8014829#5 8014829#6 8014829#7 8014829#8
139,25292477,3496826441,158.33,25292477 6488191691 310147648 3496857095 3496844989 3496826441,-37287288#1,-342717764#0,-342717761,-37287288#1 -37287288#0 -342717761 -342717764#1 -342717764#0
140,25292480,25292476,2.84,25292480 310148511 25292476,8014829#9,8014829#10,8014829#9,8014829#9 8014829#10
141,25292480,1377940926,142.53,25292480 310148418 954733771 1420446379 7680128459 7669535774 7669516153 7669516159 954733769 310148892 1377940926,-37290602,-81924134#0,-81924145#3,-37290602 -122950930 -128562363 -81924145#4 -81924145#3 -81924145#2 -81924145#1 -81924145#0 -81924134#1 -81924134#0
142,60170471,1377211667,61.39,60170471 298372076 2424039027 3216453387 3214889157 298373729 1377211667,234100501#2,81523598#0,234101647#0,234100501#2 81523597 234101647#0 234101647#1 315443480 81523598#0
143,60170471,1377211668,144.63,60170471 298372991 3216453384 3227176325 7676757030 7676756995 310042886 1377211668,37293912#1,29186154#5,29186154#2,37293912#1 29186154#0 29186154#1 29186154#2 29186154#3 29186154#4 29186154#5
144,60170471,1297403614,175.68,60170471 298372985 3216453378 7702074833 7702074840 298372061 434551472 7702074843 7698539437 4524911342 7702074848 3214939950 298368069 298368073 3214939948 1297403614,-37293912#0,-114554802#0,-114554802#7,-37293912#0 -37293913#4 -37293913#3 -37293913#2 -37293913#1 -37293913#0 -114554802#8 -114554802#7 -114554802#6 -114554802#5 -114554802#4 -114554802#3 -114554802#2 -114554802#1 -114554802#0
145,1379421404,311047595,21.27,1379421404 311047595,-37498324,-37498324,-37498324,-37498324
146,1379421404,317118296,0.2,1379421404 317118296,81152595#2,81152595#2,81152595#2,81152595#2
147,1379421404,1376344654,39.24,1379421404 449159651 945724446 945724467 945724464 1376344654,-81152595#1,-81152596#2,-81152597,-81152595#1 -81152595#0 -81152597 -81152596#3 -81152596#2
148,311047595,1379421404,21.27,311047595 1379421404,37498324,37498324,37498324,37498324
149,314933749,1380274121,14.84,314933749 310987707 1380274121,15245452#0,15245452#1,15245452#0,15245452#0 15245452#1
150,314933749,1379421236,171.78,314933749 7668730077 3528421050 7668804052 507055673 1377940911 7668804067 7673283355 317119770 314938340 1379421236,-41454311#1,-244282080#1,-37265518#4,-41454311#1 -41454311#0 -346307810#1 -346307810#0 -37265518#4 -37265518#3 -37265518#2 -37265518#1 -37265518#0 -244282080#1
151,25345665,25345666,195.48,25345665 314736832 891514297 891514296 891514295 878470752 878470749 56439093 900509777 900509776 900509766 900509758 296250613 25345666,194850767#2,166564261,74307860#0,194850767#2 194850767#3 75507914 75507913 75507915 74307849 74307860#0 74307860#1 76355638 76355639 76355640 76355641 166564261
152,25345665,25345669,53.32,25345665 296248024 426911766 60072364 6100704325 292728916 25345669,4243036#1,4243036#6,4243036#3,4243036#1 4243036#2 4243036#3 4243036#4 4243036#5 4243036#6
153,25345665,4435014132,209.72,25345665 264015226 426911765 1012497956 1012497968 277401793 7669521819 348216801 878470750 7669521799 890175731 288883180 672967886 6464212478 4435014131 6464212477 672967922 1380974098 878470742 2403530744 426926471 348216871 2112507858 298277836 4435014132,-4243036#0,-36730336#1,-36730332#5,-4243036#0 -315605355 -315605356 -143057426#1 -143057426#0 -74307865#2 -74307865#1 -74307865#0 -75384651#1 -75384651#0 -36730333 -36730332#5 -36730332#4 -36730332#3 -36730332#2 -36730332#1 -36730332#0 -74307851 -232008578 -201293693#1 -201293693#0 -201293692 -36730337 -36730336#1
154,25345669,25345665,53.32,25345669 292728916 6100704325 60072364 426911766 296248024 25345665,-4243036#6,-4243036#1,-4243036#4,-4243036#6 -4243036#5 -4243036#4 -4243036#3 -4243036#2 -4243036#1
155,25345669,1380510464,155.07,25345669 296248490 779194550 779194556 947998273 7250272759 7250272761 2631803349 7230539527 2306168572 7230539523 947998260 947998250 7230539514 7230539503 947998241 7230539507 779194555 779194558 310989242 1380510464,4243036#7,28321714#0,257702155#2,4243036#7 62384623 62384620 62384625 81356832#0 81356832#1 81356832#2 257702155#0 257702155#1 257702155#2 257702155#3 81356843 81356836#0 81356836#1 81356836#2 81356841#0 81356841#1 62384622 62384624 28321714#0
156,317703609,1372477605,8.58,317703609 292727217 1372477605,76336872#0,76336872#1,76336872#0,76336872#0 76336872#1
157,317703609,25291564,77.67,317703609 537519904 7628444147 537519900 7628444158 537519897 296250765 6497762818 25291564,-42919365,-30955822#0,-42919366#1,-42919365 -42919367#1 -42919367#0 -42919366#1 -42919366#0 -30955822#2 -30955822#1 -30955822#0
158,313963185,315285583,0.2,313963185 315285583,25361336,25361336,25361336,25361336
159,313963185,1371748756,220.69,313963185 389498055 6020388031 301361388 2036340761 2036340756 6339908459 6339908461 313972555 1371748756,51707744#0,193116151#3,193116150,51707744#0 51707744#1 51707744#2 25361340 193116150 193116151#0 193116151#1 193116151#2 193116151#3
160,1371751506,1371750094,18.62,1371751506 1371751508 298373925 1371750094,52656372#0,52656372#2,52656372#1,52656372#0 52656372#1 52656372#2
161,25292473,1372247485,98.24,25292473 6518255475 292858656 1297410878 7908131198 1297410876 1297410874 2395669737 315385864 1372247485,572656879#0,231158430#1,114555485#1,572656879#0 572656879#1 34031136 114555485#0 114555485#1 114555487 114555484 231158430#0 231158430#1
162,25292473,25291537,152.87,25292473 313984206 3226317514 3401767824 950318797 7631663005 3401767825 3401767826 3401767827 7631663001 3401767828 3401767829 3228745571 313984203 25291537,572656872#0,333061573#2,333061564,572656872#0 572656872#1 333061565 333061571 81527785#0 81527785#1 333061564 333061566 333061567#0 333061567#1 333061568 333061573#0 333061573#1 333061573#2
163,25292473,59953366,77.35,25292473 313984215 3226317513 337786164 337786153 3401767823 3401767822 1007824554 59953366,-81527787#1,-333061574#2,-81527791#1,-81527787#1 -81527787#0 -81527791#2 -81527791#1 -81527791#0 -333061563 -333061574#3 -333061574#2
164,742231100,1376344654,75.06,742231100 742231099 311111203 1376344654,-59803646,-123412755#0,-123412755#1,-59803646 -123412755#1 -123412755#0
165,1380323660,1380323658,41.05,1380323660 314935173 760350518 988555503 1380323658,-60738729#1,-30097052#1,-60738729#0,-60738729#1 -60738729#0 -85247849 -30097052#1
166,1380323660,243970410,86.49,1380323660 310988087 760471969 760471967 760471972 59629560 760471963 760471970 310988754 760471971 760471968 760471965 311014126 243970410,-60754210#1,-36729039#1,-60754207,-60754210#1 -60754210#0 -60754212 -60754208 -60754205#1 -60754205#0 -60754207 -60754209#1 -60754209#0 -60754211 -60754206 -36729039#2 -36729039#1
167,1380323660,60456785,78.37,1380323660 310988598 760350521 946540444 946540443 779180874 988688977 60456785,60738729#2,62382995#1,81241338,60738729#2 60738729#3 60738728 81241338 81241337 62382995#0 62382995#1
168,60456785,1380411630,44.24,60456785 310989244 2665390692 1003627114 2075922541 314935868 1380411630,62382995#2,197339887#1,260944338,62382995#2 143057430 260944338 197339886 197339887#0 197339887#1
169,60456785,1380510464,85.59,60456785 310989247 779180423 779180426 59629500 779180425 311111730 779180422 2282947011 7643288437 779194553 7271539734 60456791 779180424 779194552 314736764 1380510464,7921561#0,62384627#1,62382877,7921561#0 7921561#1 62382881 62382880#0 62382880#1 62382878#0 62382878#1 62382877 219090534#0 219090534#1 62384619#0 62384619#1 62382879 62382876 62384627#0 62384627#1
170,60456785,1380323660,78.37,60456785 988688977 779180874 946540443 946540444 760350521 310988598 1380323660,-62382995#1,-60738729#2,-81241338,-62382995#1 -62382995#0 -81241337 -81241338 -60738728 -60738729#3 -60738729#2
171,922394981,1380510464,32.51,922394981 779180872 310989240 1380510464,-62382996,-62384627#2,-62384627#3,-62382996 -62384627#3 -62384627#2
172,1380411608,1380411607,12.79,1380411608 1380411607,62383932#2,62383932#2,62383932#2,62383932#2
173,1380411608,25292451,102.41,1380411608 311113184 779187210 7631833510 7631833494 7631833503 348216424 348216425 2651685823 779187209 311112501 25292451,-62383932#1,-127104874,-62383930#0,-62383932#1 -62383932#0 -62383930#3 -62383930#2 -62383930#1 -62383930#0 -62383931 -259716340 -62383934 -34031654 -127104874
174,1380411608,1380411630,90.7,1380411608 311113742 779189653 779189658 779189654 7897199463 7631833513 2403881125 779189657 779189655 779189656 310989246 1380411630,-62384085#1,-37498070,-62384086#2,-62384085#1 -62384085#0 -62384087 -62384088 -62384086#3 -62384086#2 -62384086#1 -62384086#0 -62384084 -62384089 -7921261 -37498070
175,878470739,4435014132,18.19,878470739 324707775 4435014132,74307844,36730336#0,74307844,74307844 36730336#0
176,890175722,4435014132,71.58,890175722 376008078 890175724 890175735 890175719 324707768 4435014132,-75384657#1,-36730335#1,-75384672,-75384657#1 -75384657#0 -75384672 -75384668 -36730335#2 -36730335#1
177,58753656,25291581,63.4,58753656 913250152 2524250200 25291581,77615451#1,245187834,77615449,77615451#1 77615449 245187834
178,58753656,1380411607,93.59,58753656 298274896 911782071 913243841 2403892462 913243838 1405866798 7631833516 913561258 911782076 314935863 1380411607,-77465095#1,-7920348#0,-77647468#2,-77465095#1 -77465095#0 -77615029 -232042787 -77615028 -77647468#2 -77647468#1 -77647468#0 -77465096 -7920348#1 -7920348#0
179,1005526490,25291568,0.2,1005526490 25291568,81924137#2,81924137#2,81924137#2,81924137#2
180,1005526490,1380323657,96.86,1005526490 313978114 313981056 915595776 915595793 915595789 915595779 314934976 1380323657,-77893327#2,-77893344#2,-77893340,-77893327#2 -77893327#1 -77893327#0 -77893340 -77893335 -77893331 -77893344#3 -77893344#2
181,1005526490,1377940927,76.0,1005526490 311091794 310985433 1377940927,-81924137#1,-81924141#1,-81924137#0,-81924137#1 -81924137#0 -81924141#1
182,1380323657,1380323468,35.01,1380323657 314934977 7625078478 314934629 1380323468,77893337#2,54818681#0,54818682#0,77893337#2 54818682#0 54818682#1 54818681#0
183,1380323657,1380411607,164.08,1380323657 314934974 915595781 7625139882 7632518858 911782077 348212621 915595794 7632518845 7897199458 426911764 314935865 1380411607,-77893337#1,-127104868#0,-77893334#1,-77893337#1 -77893337#0 -77465097#2 -77465097#1 -77465097#0 -77893334#1 -77893334#0 -36729037#2 -36729037#1 -36729037#0 -127104868#1 -127104868#0
184,1380323657,1005526490,96.86,1380323657 314934976 915595779 915595789 915595793 915595776 313981056 313978114 1005526490,77893344#2,77893327#2,77893335,77893344#2 77893344#3 77893331 77893335 77893340 77893327#0 77893327#1 77893327#2
185,1380323657,1380323658,87.29,1380323657 314934972 915595777 988554301 7632518863 988554303 915595791 310988217 1380323658,-77893344#1,-77893328#0,-85247774#1,-77893344#1 -77893344#0 -85247773 -85247774#1 -85247774#0 -123905592 -77893328#1 -77893328#0
186,1380323407,311047595,64.45,1380323407 311046733 988566058 1674252418 988566055 988566056 311047595,123905590#0,85248829,85248832#0,123905590#0 123905590#1 85248832#0 85248832#1 85248828 85248829
187,1380323407,60069047,21.45,1380323407 317914541 60069047,80715861#1,80715861#2,80715861#1,80715861#1 80715861#2
188,1380323407,1380274123,10.79,1380323407 941367121 314934598 1380274123,-80715861#0,-80715863#2,-80715863#3,-80715861#0 -80715863#3 -80715863#2
189,1380274123,1380274121,90.92,1380274123 299979865 317119759 1005473142 299979864 1380274121,123899996#0,37265517#1,123899996#2,123899996#0 123899996#1 123899996#2 37265517#0 37265517#1
190,1380274123,1379421238,192.52,1380274123 314934602 941367141 6979844139 5985720722 1513666643 1380274059 1513666605 941367144 314938336 1379421238,-80715863#1,-80715865#2,-80715855#3,-80715863#1 -80715863#0 -80715855#5 -80715855#4 -80715855#3 -80715855#2 -80715855#1 -80715855#0 -80715860 -80715865#2
191,1380274123,1380323407,10.79,1380274123 314934598 941367121 1380323407,80715863#2,80715861#0,80715863#3,80715863#2 80715863#3 80715861#0
192,941367128,1379421238,6.52,941367128 317119722 1379421238,80715865#0,80715865#1,80715865#0,80715865#0 80715865#1
193,1379421238,1380274123,192.52,1379421238 314938336 941367144 1513666605 1380274059 1513666643 5985720722 6979844139 941367141 314934602 1380274123,80715865#2,80715863#1,80715855#2,80715865#2 80715860 80715855#0 80715855#1 80715855#2 80715855#3 80715855#4 80715855#5 80715863#0 80715863#1
194,1379421238,941367128,6.52,1379421238 317119722 941367128,-80715865#1,-80715865#0,-80715865#1,-80715865#1 -80715865#0
195,317118296,1379421404,0.2,317118296 1379421404,-81152595#2,-81152595#2,-81152595#2,-81152595#2
196,1377940926,1377940920,38.42,1377940926 299980112 310984424 1377940920,-82410880#0,-123635329#0,-123635329#1,-82410880#0 -123635329#1 -123635329#0
197,1377940926,25292480,142.53,1377940926 310148892 954733769 7669516159 7669516153 7669535774 7680128459 1420446379 954733771 310148418 25292480,81924134#0,37290602,81924145#2,81924134#0 81924134#1 81924145#0 81924145#1 81924145#2 81924145#3 81924145#4 128562363 122950930 37290602
198,1377940926,25291550,213.71,1377940926 310149274 3062542188 7669700719 3515249601 7680128440 3515249602 7669700712 3515249603 7669516095 426911740 426911741 3515249604 3515249605 3515249606 3515249607 3232054224 3232013769 315385114 25291550,82410880#1,317000784#1,344789092#1,82410880#1 82410880#2 302021963#0 302021963#1 344789086#0 344789086#1 344789070#0 344789070#1 344789092#0 344789092#1 gneE1 36729009 344789098 344789076 344789062 344789082 317000783 317000784#0 317000784#1
199,25291568,1005526490,0.2,25291568 1005526490,-81924137#2,-81924137#2,-81924137#2,-81924137#2
200,25291568,25291572,129.33,25291568 6497762643 313981057 959380505 313981058 313981046 314935875 298274871 25291572,22672072#0,245184948#1,82410887,22672072#0 22672072#1 22672072#2 82410887 28586048#0 28586048#1 245184948#0 245184948#1
201,25291568,25291567,119.9,25291568 1005526433 313981053 277398825 1125194694 1125194699 3232054227 311086397 25291567,-97129661#3,-30528321#0,-97129661#0,-97129661#3 -97129661#2 -97129661#1 -97129661#0 -97129664 -317000785 -30528321#1 -30528321#0
202,77698717,59953366,110.25,77698717 292858655 6518255484 59953366,-9776916#2,-9776916#0,-9776916#1,-9776916#2 -9776916#1 -9776916#0
203,1377610493,25292473,127.73,1377610493 298109749 1297407672 1297407676 1297407675 7698602839 319827847 1297407679 3226317521 3226317518 292859321 6518255476 25292473,114554764#2,34031133#1,114555281#1,114554764#2 114554757 114555282 114555280 114555281#0 114555281#1 81527786 114555279 316508912 316508913 34031133#0 34031133#1
204,1297403632,1377610493,69.67,1297403632 7690696527 7695105596 1297403622 1297403637 300020623 1377610493,114554786#0,114554764#1,114554786#2,114554786#0 114554786#1 114554786#2 114554766 114554764#0 114554764#1
205,1371750097,659998488,123.82,1371750097 295058834 3309319809 3309319810 7687786267 7687786282 3309319811 295055259 3309319812 3309319813 319604908 295056672 659998488,122886924#0,36726222,324204707#2,122886924#0 122886924#1 324204708 324204707#0 324204707#1 324204707#2 324204710#0 324204710#1 324204706 324204709#0 324204709#1 36726222
206,1371750097,60170470,115.21,1371750097 295055275 3309319808 295055293 60170470,28408345#0,324204711#1,28408345#1,28408345#0 28408345#1 324204711#0 324204711#1
207,1372247485,1372260497,118.56,1372247485 315385861 1297416474 7676071012 7676071016 7676207734 7673695099 7673695095 1297416470 310089298 1372260497,122948858#0,114555768#1,114555767#2,122948858#0 122948858#1 114555767#0 114555767#1 114555767#2 114555767#3 114555767#4 114555767#5 114555768#0 114555768#1
208,1372247485,25291571,158.83,1372247485 315385840 7680124552 7905529648 7680124558 7905529644 7680124568 7680124584 2036515884 2036515885 315385118 6488191700 25291571,195828017#0,36729028#1,195828017#5,195828017#0 195828017#1 195828017#2 195828017#3 195828017#4 195828017#5 195828017#6 195828017#7 193134983 193134987 36729028#0 36729028#1
209,25291571,25291550,141.91,25291571 315385115 7680122990 7680122993 7680123004 2036515886 7886999867 2036515887 2036515888 2036515890 3232013770 310148890 25291550,36729028#2,193134988#2,193134986#0,36729028#2 36729029#0 36729029#1 36729029#2 36729029#3 193134986#0 193134986#1 193134984 193134985 193134988#0 193134988#1 193134988#2
210,25291571,25291537,96.14,25291571 315385124 950290570 7884270180 950290580 3228745570 1011415132 6488191714 25291537,122950927#0,81527023#3,81527019#1,122950927#0 122950927#1 81527019#0 81527019#1 81527023#0 81527023#1 81527023#2 81527023#3
211,246630384,913255820,0.2,246630384 913255820,25522292,25522292,25522292,25522292
212,246630384,292727238,5.58,246630384 6140655980 292727251 292727238,122964115#0,122964115#2,122964115#1,122964115#0 122964115#1 122964115#2
213,292727238,25292451,97.1,292727238 292727242 314936316 317703799 6100704326 298273890 25292451,30528320#0,194388451#2,30602647,30528320#0 30528320#1 30602647 194388451#0 194388451#1 194388451#2
214,1372470119,246630386,98.23,1372470119 1457909400 1984341841 1984341838 25345637 319784143 246630386,30528384#0,30529424,187794587,30528384#0 30528384#1 187794587 187794594 187794598 30529424
215,1372470119,1377211669,91.02,1372470119 292725351 292725458 2218810056 3227951599 319528423 775994757 296250734 1377211669,122964118#0,62212736#1,211958287#0,122964118#0 122964118#1 37142311 211958287#0 211958287#1 62212735 62212736#0 62212736#1
216,1377940906,60454050,161.03,1377940906 7668852649 434108724 5270806666 60454050,123635330#0,37260960#1,123635330#1,123635330#0 123635330#1 37260960#0 37260960#1
217,1380274121,314933748,3.71,1380274121 1005473289 314933748,123899997#0,123899997#1,123899997#0,123899997#0 123899997#1
218,1380274121,25292485,37.4,1380274121 1005473202 310987705 314934616 25292485,30528322#0,41454599,30528322#1,30528322#0 30528322#1 30528322#2 41454599
219,25291572,58753656,0.5,25291572 314935878 913250150 58753656,25614338#0,77615451#0,25614338#1,25614338#0 25614338#1 77615451#0
220,149161959,1372247485,307.93,149161959 60072317 1372205478 4953762102 7673695127 315385855 1372247485,15103559#0,122946787#3,122946787#0,15103559#0 15103559#1 122946787#0 122946787#1 122946787#2 122946787#3
221,313959167,313959318,14.54,313959167 288369507 288369506 313959318,30259990,34001454,gneE2,30259990 gneE2 34001454
222,313959318,313959319,4.89,313959318 313959319,29689101,29689101,29689101,29689101
223,25292485,1380291085,0.62,25292485 310987676 1380291085,41454600#0,41454600#1,41454600#0,41454600#0 41454600#1
224,246630386,1372477605,11.83,246630386 6795337889 6795337888 317703608 1004552381 1372477605,28775991#0,258783043#1,28775991#2,28775991#0 28775991#1 28775991#2 258783043#0 258783043#1
225,246630386,434149261,12.85,246630386 266378250 6795337887 313975233 6860480481 317703607 6497762809 434149261,22907032#0,37264258#4,37264258#1,22907032#0 22907032#1 37264258#0 37264258#1 37264258#2 37264258#3 37264258#4
226,1372477605,434149261,11.64,1372477605 1004552577 6140655977 434149261,230521085#0,230521085#2,230521085#1,230521085#0 230521085#1 230521085#2
227,1372477605,314935876,116.45,1372477605 313975229 292727220 2403899237 6966880916 314935874 1380411602 315370681 314935876,4236349#0,77615452,232043439,4236349#0 4236349#1 230989021 232043439 744383200 230989020#0 230989020#1 77615452
228,434149261,913255820,0.2,434149261 913255820,655405463,655405463,655405463,655405463
229,434149261,246630384,0.2,434149261 246630384,655405465,655405465,655405465,655405465
230,25291581,246630384,16.69,25291581 317703606 292727226 246630384,27132254#0,732635978,27132254#1,27132254#0 27132254#1 732635978
231,25291581,292727238,19.41,25291581 292727232 314936315 292727238,26692016,77615448#1,77615448#0,26692016 77615448#0 77615448#1
232,313959329,313959167,6.76,313959329 313959167,28584322,28584322,28584322,28584322
233,313959329,1372470119,285.68,313959329 313554171 953049450 953049449 2264808906 316415098 256257149 2264808905 2264808904 2264808902 4436834983 1380976626 319525590 297679982 1984341849 1984341848 1984341845 297679990 296250574 1372470119,25522290#0,187794600#2,217189185#0,25522290#0 25522290#1 81796303 81796301 81796302#0 81796302#1 81796302#2 217189183 217189184 217189185#0 217189185#1 217189185#2 217189186#0 217189186#1 187794586 187794592 187794600#0 187794600#1 187794600#2
234,913255820,317703803,99.82,913255820 6860480473 913255827 314936319 297679991 1457909403 317703803,77615981#0,30260455#2,77615982,77615981#0 77615981#1 77615982 30260455#0 30260455#1 30260455#2
235,313959319,319604907,138.57,313959319 313959321 313959324 3236096617 313959326 313962116 319604910 313962120 319604907,28583925#0,30287785#2,34001455#1,28583925#0 28583925#1 34001455#0 34001455#1 34001455#2 30287785#0 30287785#1 30287785#2
236,313959319,313959329,0.4,313959319 25345643 313959329,45150440#0,45150440#1,45150440#0,45150440#0 45150440#1
237,659998488,313959329,139.78,659998488 313962119 3236096605 313962118 313959344 317704052 313959341 313959336 313959329,51707741#0,34001456#1,51707741#3,51707741#0 51707741#1 51707741#2 51707741#3 51707741#4 51707741#5 34001456#0 34001456#1
238,659998488,319604907,3.28,659998488 7862118551 1371750101 7862118555 319604907,51707742#0,51707742#3,51707742#1,51707742#0 51707742#1 51707742#2 51707742#3
239,25292476,25291570,66.6,25292476 1011256640 3812557361 7680128468 7149090597 4887814585 310089283 25291570,30001902#0,30001902#6,30001902#3,30001902#0 30001902#1 30001902#2 30001902#3 30001902#4 30001902#5 30001902#6
240,317703803,1372470119,5.1,317703803 317703805 6485676337 6485676336 1372470119,30260452,37142312#2,37142312#0,30260452 37142312#0 37142312#1 37142312#2
241,317703803,313959167,288.94,317703803 296250576 1577981244 449182529 297679988 297679985 401354505 313972722 313972714 288554482 288554684 4436834988 900408156 900408158 316415097 256257151 316415101 265729542 317704050 313554167 313959167,37137191#0,24449389#2,38156743#3,37137191#0 37137191#1 144214759 38156742 76354131#0 76354131#1 38156743#0 38156743#1 38156743#2 38156743#3 38156743#4 38156743#5 76354123 76354126 76354127#0 76354127#1 76354128 24449389#0 24449389#1 24449389#2
242,319604907,313963185,85.32,319604907 313962121 313962123 3227096463 659998486 7862118554 2260404114 7862118553 313963185,30287785#3,80727848#3,80727849#2,30287785#3 80727849#0 80727849#1 80727849#2 80727848#0 80727848#1 80727848#2 80727848#3
243,25291591,60170471,88.82,25291591 299968940 2423790647 2423790648 7676757064 3227200764 2423790649 2424032769 7676757047 3216453376 2424030495 298372989 60170471,36729015#1,234100501#1,234072360#2,36729015#1 36729015#2 234072361 234072360#0 234072360#1 234072360#2 234072362 234100809#0 234100809#1 234100809#2 234100501#0 234100501#1
244,25291591,1377610493,155.99,25291591 311746602 2423097276 7695105593 3395239425 7695105594 3395207235 7695105595 3395207234 3395207233 313984211 1377610493,81522820#1,332399561#1,332402668#1,81522820#1 81522820#2 234002842#0 234002842#1 332402668#0 332402668#1 332399560#0 332399560#1 332399559 332399561#0 332399561#1
245,572766855,313959319,84.75,572766855 317704051 295711606 664317429 313959319,45150439#0,45150439#3,45150439#1,45150439#0 45150439#1 45150439#2 45150439#3
246,775985726,25345665,69.0,775985726 2053606912 426911767 314736834 25345665,62212085,194850767#1,194850766,62212085 194850766 194850767#0 194850767#1
247,247359926,25292477,72.25,247359926 1011256666 3812556755 310973847 25292477,8014829#0,8014829#3,8014829#1,8014829#0 8014829#1 8014829#2 8014829#3
